No,Question,A,B,C,D,Correct
1,Apa yang dilakukan oleh Kepala Eksekutif Pengawas Pasar Modal saat terjadi krisis di pasar modal?,Memerintahkan pelarangan short selling,Melakukan permintaan (call for meeting) Rapat Dewan Komisioner,Melakukan penutupan perdagangan bursa efek,Memberikan izin buyback dalam kondisi lain,B
2,Berapa insentif diskon atas biaya pendaftaran yang diberikan OJK bagi emiten dan penerbit yang menerbitkan EBUS BK,10%,25%,50%,75%,D
3,Siapakah yang diwajibkan memiliki izin WPPE,Pegawai yang melakukan kegiatan Manajemen Risiko,"Pegawai dengan posisi jabatan di bawah direktur, yang membawahkan unit yang bertanggung jawab atas kegiatan penjamin emisi efek",Direktur yang bertanggung jawab atas kegiatan penjamin emisi efek,Pegawai yang bertanggung jawab atas kegiatan penjamian emisi efek,A
4,Berikut ini adalah pihak yang tidak dapat melakukan kegiatan usaha sebagai Manajer Investasi,Perseroan Terbatas,Asuransi,Perusahaan Publik,Perusahaan Terbuka,B
5,"Berdasarkan ketentuan dalam POJK 11 tahun 2017 tentang laporan kepemilikan atau setiap perubahan kepemilikan saham Perusahaan Terbuka, yang diwajibkan melaporkan kepemilikan saham dan perubahan kepemilikan sahamnya adalah",Setiap Emiten atau Perusahaan Publik yang memiliki paling sedikit 5% atas saham,,,,
6,Perusahaan Terbuka,,Setiap pihak yang memiliki paling sedikit 5% atas saham Perusahaan Terbuka,Setiap pihak yang memiliki paling sedikit 10% atas saham Perusahaan Terbuka,Setiap pihak yang memiliki paling sedikit 15% atas saham Perusahaan Terbuka,B
7,"Selain terkait pengembangan sistem informasi di bidang PMDK, Deputi Direktur Pengembangan Sistem Informasi juga memiliki tugas pokok lainnya, yakni terkait","Melakukan pelayanan, diseminasi informasi pengawasan PMDK","Melaksanakan Sosialisasi, Edukasi, Publikasi, dan/atau Diseminasi Informasi dan Kebijakan PMDK",Melakukan pengembangan protokol manajemen krisis dan menyusun rekomendasi kebijakan penanganan krisis di sektor PMDK,"Melaksanakan diseminasi informasi hasil surveillance, strees test dan protokol manajemen krisis di sektor PMDK",B
8,Diantara pernyataan berikut ini yang merupakan pernyataan yang benar tentang Reksa Dana Saham,paling sedikit 80% dari Nilai Aktiva Bersih dalam bentuk efek bersifat ekuitas,paling sedikit 75% dari Nilai Aktiva Bersih dalam bentuk efek bersifat ekuitas,paling sedikit 51% dari Nilai Aktiva Bersih dalam bentuk efek bersifat ekuitas,paling sedikit 65% dari Nilai Aktiva Bersih dalam bentuk efek bersifat ekuitas,A
9,"Ahli syariah pasar modal dapat menjadi anggota dewan pengawas syariah pada entitas yang diawasi oleh OJK, paling banyak","5 pihak, hanya jika tidak menjadi tim ahli syariah","5 lembaga di bidang pasar modal, 5 pihak di sektor selain pasar modal",5 tahun berturut-turut,5 pihak di seluruh sektor yang diawasi OJK,D
10,Peraturan terkait dengan perizinan Penyelenggara Layanan Urun Dana adalah,POJK Nomor 57/POJK.04/2018,POJK Nomor 57/POJK.04/2020,POJK Nomor 37/POJK.04/2020,POJK Nomor 37/POJK.04/2018,B
11,"Berikut merupakan tipologi pelanggaran yang dilakukan oleh Manajer Investasi, kecuali",Kontrak Pengelolaan Dana terlambat dilaporkan,Transaksi silang (cross trading) dilakukan antar Reksa Dana di Pasar Negosiasi yang menguntungkan salah satu pihak,Janji imbal hasil pasti (fixed rate),Valuasi Efek Bersifat Utang pada rentang harga LPHE,D
12,"Wakil Agen Penjual Reksa Dana wajib memenuhi persyartan sebagai berikut, kecuali",Memiliki sertifikat keahlian sebagai WAPERD yang diselenggarakan oleh Lembaga Sertifikasi Profesi.,Tidak Cakap melakukan perbuatan hukum,Tidak pernah melakukan perbuatan tercela dan/atau dihukum karena terbukti melakukan tindak pidana di bidang jasa keuangan,Memiliki akhlak dan moral yang baik,B
13,Definisi Emiten adalah...,Perusahaan yang telah dimiliki sekurang-kurangnya oleh 300 pemegang saham,Pihak yang melakukan Penawaran Umum,Pihak yang melakukan Penawaran Khusus,Pihak yang melakukan aksi korporasi,B
14,"Data transaksi efek berikut dapat dilihat pada aplikasi Sipetro (Nasdaq), kecuali",waran,pasar reguler saham,pasar negosiasi saham,obligasi dan sukuk korporasi,D
15,Tugas dan fungsi dari notaris dalam proses Penawaran Umum adalah ...,Menyusun laporan penilaian aset dari perusahaan,Memberikan rating atas obligasi atau sukuk yang diterbitkan oleh perusahaan,Membuat akta-akta perjanjian dalam rangka Penawaran Umum,Memberikan nasihat dan penerapan prinsip Syariah,C
16,Perizinan yang sudah tidak membayar pungutan adalah,Layanan Urun Dana,Wakil Perusahaan Efek,Perusahaan Pemerinkat Efek,Biro Administrasi Efek,B
17,Hal berikut bukan merupakan termasuk tindak pidana pelanggaran pasar modal adalah,Semua merupakan tindak pidana pelanggaran pasar modal,Orang yang tidak kooperatif dan menghancurkan catatan bukti transaksi yang sedang diperiksa OJK,Akuntan melaksanakan dan menandatangani opini audit laporan keuangan eminten yang dipublikasikan di BEI,Orang yang melakukan pengelolaan portofolio investasi untuk nasabah tanpa izin,C
18,"Terkait dengan ketentuan pidana, manakah pernyataan berikut ini yang bukan termasuk dalam tindak pidana di bidang Pasar Modal",Melakukan penipuan dalam perdagangan Efek,Melakukan transaksi afiliasi dan benturan kepentingan,Melakukan perdagangan orang dalam,Melakukan kegiatan Wakil Perantara Pedagang Efek tanpa memperoleh izin perorangan dari OJK,B
19,Pelanggaran yang termasuk tindak pidana pasar modal,Tidak ada yang benar,Laporan audit oleh akuntan tidak benar karena defisiensi audit sehingga laporan keuangan emiten mengandung salah saji material,"Karyawan PT ABCD Tbk melakukan penjualan saham PT XYZ Tbk, ketika kedua perseroan ini setuju membentuk konsorsium bersama pemasaran produk baru","Direktur utama emiten A bertansaksi saham A dengan direktur utama emiten B, yang mana kedua direktur utama emiten ini menandatangani perjanjian pengambilalihan anak usaha emiten B, dan informasi pengambilalihan sudah dipublikasikan",A
20,"Alur pengawasan transaksi efek di Direktorat Pengawasan Transaksi Efek dapat berlaku sebagai berikut, kecuali",Reviu Alert – Penelaahan Pemeriksaan Teknis – Pelimpahan ke Direktorat Pemeriksaan Khusus Pasar Modal,Reviu Alert – Penelaahan – Pelimpahan ke Direktorat Pemeriksaan Khusus Pasar Modal,Reviu Alert – Penelaahan – Tutup,Reviu Alert – Pemeriksaan Teknis – Penelaahan – Tutup,D
21,Emiten dan Perusahaan Publik menyajikan informasi analisis dan pembahasan oleh manjemen pada,Laporan realisasi penggunaan dana,Laporan keuangan tahunan,Laporan keuangan tengah tahunan,Laporan tahunan,D
22,Alur pengawasan transaksi efek yang berlaku di Direktorat Pengawasan Transaksi Efek,Reviu Alert – Pemeriksaan Teknis – Penelaahan,Pemeriksaan Teknis – Penelaahan – Reviu Alert,Pemeriksaan Teknis – Reviu Alert – Penelaahan,Reviu Alert – Penelaahan – Pemeriksaan Teknis,D
23,Persyaratan Wajib yang harus di penuhi oleh Wakil Manajer Investasi,Persyaratan Integritas dan Kelayakan Keuangan,Persyaratan Integritas dan Reputasi Keuangan,Persyaratan Kompetensi dan Kelayakan Keuangan,Persyaratan Integritas dan Kompetensi,D
24,Apakah tindak lanjut yang dilakukan untuk Manajer Investasi yang memiliki profil risiko sangat rendah?,Melakukan pengawasan secara off-site,Dikenakan teguran,Mengundang Manajer Investasi untuk diminta keterangan,Melakukan pengawasan secara on-site (pemeriksaan kepatuhan),A
25,"Laporan keuangan berkala yang dimaksud dalam POJK Nomor 14/POJK.04/2022 tentang Penyampaian Laporan Keuangan Berkala Emiten atau Perusahaan Publik, terdiri atas",Laporan tahunan dan laporan keuangan triwulanan,"Laporan keuangan tahunan, laporan keuangan tengah tahunan, dan laporan tahunan",Laporan keuangan tahunan dan laporan keuangan tengah tahunan,"Laporan keuangan tahunan, laporan keuangan tengah tahunan, dan laporan keuangan triwulanan",C
26,Persyaratan Efek bersifat utang tanpa Penawaran Umum adalah ...,Efek bersifat utang tanpa Penawaran Umum hanya dapat dibeli Kembali dalam jangka waktu lebih dari 1 tahun,jumlah pemegang Efek bersifat utang tanpa Penawaran Umum minimal 50 pihak,wajib dicatatkan di Bursa Efek Indonesia,Efek bersifat utang tanpa Penawaran Umum dapat dibeli Kembali dalam jangka waktu kurang dari 1 tahun,A
27,"Penilaian kemampuan dan kepatutan dilakukan untuk menilai bahwa calon anggota Direksi Perusahaan Pemeringkat Efek memenuhi persyaratan sebagai berikut, kecuali",Kelayakan Keuangan,Integritas,Kompetensi,Reputasi Keuangan,A
28,Level Jabatan yang menetapkan perizinan izin perorangan di Kantor OJK Koordinator di Daerah adalah,Kepala Departemen a.n. Dewan Komisioner OJK,Direktur a.n. Dewan Komisioner OJK,Dewan Komisioner OJK,Deputi Komisioner a.n. Dewan Komisioner OJK,B
29,"Pada Definisi Undang-undang Pasar Modal, dokumen yang wajib disampaikan kepada Badan Pengawas Pasar Modal (sekarang OJK) oleh Emiten dalam rangka Penawaran Umum atau Perusahaan Publik adalah ...",Iklan Rapat Umum Pemegang Saham,Keterbukaan Informasi,Bukti penunjukkan Lembaga dan profesi penunjang pasar modal,Pernyataan Pendaftaran,D
30,Salah satu perbedaan Reksa Dana Syariah dibandingkan dengan Reksa Dana Konvensional adalah Reksa Dana Syariah hanya dapat menginvestasikan dananya pada Efek,"Sukuk, ETF Syariah, Saham Syariah, Reksa Dana","Saham, Sukuk, Obligasi, ETF","Obligasi, SBSN, Saham Syariah, Deposito Konvensional","Saham Syariah, Sukuk, SBSN, Instrumen Pasar Uang Syariah",D
31,Perantara Pedagang Efek yang khusus didirikan untuk memasarkan Efek Reksa Dana wajib memenuhi,"Modal disetor minimal 500 juta, minimal salah satu direksi memiliki izin WAPERD","Modal disetor minimal 500 juta, minimal dua direksi memiliki izin WMI","Modal disetor minimal 25 milyar, minimal salah satu direksi memiliki izin WAPERD","Modal disetor minimal 500 juta, minimal dua direksi memiliki izin WAPERD",A
32,"Penilai yang terdaftar di OJK dapat memberikan jasa penilaian kepada pihak yang melakukan kegiatan di bidang pasar modal, paling lama",5 tahun berturut-turut,3 tahun kumulatif,3 tahun berturut-turut,5 tahun kumulatif,C
33,"Yang berwenang untuk memberikan Perintah Tindakan Tertentu, Perintah Tertulis dan/ atau Sanksi Administratif bagi SJK PMDK yang berkantor pusat di daerah adalah",Kantor OJK Koordinator,Kantor OJK Koordinator dan Kantor OJK Non Koordinator,Kantor OJK Non Koordinator,Kantor Pusat OJK di Jakarta,A
34,Kapan permohonan perpanjangan izin diajukan kepada OJK?,Paling cepat 90 hari sebelum masa berlaku izin berakhir,Paling cepat 90 hari kerja sebelum masa berlaku izin berakhir,Paling cepat 90 hari kerja setelah masa berlaku izin berakhir,Paling cepat 90 hari setelah masa berlaku izin berakhir,A
35,"Manakah yang tidak termasuk fungsi, tugas, dan wewenang OJK dalam Pasal 1 UU No. 11 Tahun 2011 tentang Otoritas Jasa Keuangan",Pengaturan Sektor Jasa Keuangan,Penyidikan Sektor Jasa Keuangan,Pendirian Sektor Jasa Keuangan,Pemeriksaan Sektor Jasa Keuangan,C
36,Yang bukan termasuk dalam komponen penilaian Good Coporate Governance dalam Penilaian Risiko Komposit Perusahaan Efek adalah,Outcome,Structure,Process,Income,D
37,Reksa Dana Syariah berbeda dari reksa dana konvensional karena,Tidak dikelola manajer investasi,Tidak boleh investasi di obligasi,Return selalu lebih tinggi,Terdapat mekanisme pembersihan kekayaan reksa dana yang tidak dapat diakui,D
38,sebagai NAB Berikut adalah aplikasi yang terkoneksi dengan DWH – Pasar Modal,Aplikasi SIPENA,Aplikasi SLIK,Aplikasi SIPO,"Aplikasi SRO (KSEI, KPEI, BEI)",D
39,"Dalam menganalisis keterkaitan pihak yang diduga melakukan pelanggaran, Pengawas Transaksi Efek menganalisis aliran dana dengan meminta data mutasi dana rekening bank kepada",Badan Pemeriksa Keuangan,Kejaksaan Agung,Polri,Pengawas Bank OJK,D
40,Berikut ini merupakan jenis Reksa Dana kecuali,Reksa Dana Pendapatan Tetap,Reksa Dana Saham,Reksa Dana Campuran,Reksa Dana Pasar Modal,D
41,"Berikut merupakan proses internal yang dilakukan oleh Emiten dalam proses Pernyataan Pendaftaran, kecuali ...",Menunjuk lembaga dan profesi penunjang pasar modal,Meminta persetujuan dari Rapat Umum Pemegang Saham untuk menyetujui,,,
42,pelaksanaan Penawaran Umum.,,,Mempersiapkan dokumen Pernyataan Pendaftaran,Melakukan public expose,D
43,Berapakah batas minimal alokasi dana bersasarkan POJK 60 tahun 2017?,Minimimal 100% hasil penerbitan untuk pembiayaan KUBL dan KUBS,Minimimal 70% hasil penerbitan untuk pembiayaan KUBL,Minimimal 80% hasil penerbitan untuk pembiayaan KUBL,Minimimal 70% hasil penerbitan untuk pembiayaan KUBL dan KUBS,B
44,"Berikut ini merupakan kewajiban dari Agen Penjual Efek Reksa Dana, kecuali",memiliki pejabat penanggung jawab penjualan Efek Reksa Dana,memastikan pelaksanaan kepatuhan fungsi-fungsi didasarkan pada prosedur operasi standar yang dibuat secara tertulis,memiliki tenaga pemasaran di setiap kantor dan/atau gerai yang melakukan penjualan Efek Reksa Dana,Membuat Prospektus Reksa Dana,D
45,Salah satu kegiatan yang dilakukan pada tahap pelaksanaan onsite pemeriksaan kepatuhan dan pemeriksaan teknis terhadap profesi penunjang pasar modal adalah,Penyampaian laporan hasil pemeriksaan,Risk profiling,Penerbitan Surat Tugas,Wawancara / permintaan keterangan,D
46,"Manakah yang tidak termasuk tujuan dari pembinaan, pengaturan, dan pengawasan Pasar Modal sesuai Pasal 4 UUPM",Mewujudkan kegiatan Pasar Modal yang wajar,Mewujudkan kegiatan Pasar Modal yang efisien,Mewujudkan kegiatan Pasar Modal yang efektif,Mewujudkan kegiatan Pasar Modal yang teratur,C
47,"Dalam ruang lingkup perdagangan saham di Pasar Reguler, Pengawasan Transaksi Efek juga dilakukan oleh lembaga lain selain OJK sesuai fungsi dan tugasnya, yaitu","BEI, Polri, PPATK, KSEI, KPEI","BEI, KSEI, KPEI","BEI, PPATK, KSEI, KPEI","BEI, Polri, PPATK, KPEI",B
48,Underlying asset investasi utama dari produk Dana Investasi Real Estat (DIRE) adalah,"Aset Real Estat berupa tanah secara fisik dan bangunan di atasnya, seperti mall,",,,,A
49,"perkantoran, dan rumah sakit",,"Aset Infrastruktur berupa fasilitas teknis, fisik, sistem, perangkat keras, dan perangkat",,,
50,lunak,,,"Piutang Tagihan komersial, Future Cash Flow, Future Revenue, Aset keuangan setara",,
51,dan aset keuangan lain.,,,,Efek Bersifat Utang dan/atau Efek Syariah berpendapatan tetap,
52,Berikut di bawah ini adalah jenis pasar perdana dalam perdagangan karbon yang hanya dapat digunakan oleh regulator/project developer di bursa karbon yaitu,Pasar Reguler,Pasar Lelang (Auction),Pasar Langsung (Direct),Pasar Negosiasi,B
53,"Berdasarkan UU Nomor 8 Tahun 1995 tentang Pasar Modal (UU PM) sebagaimana telah diubah dengan tentang UU Nomor 4 Tahun 2023 tentang Penguatan dan Pengembangan Pasar Modal (UU P2SK), Perusahaan Efek adalah pihak yang melakukan kegiatan sebagai berikut, kecuali",Penjamin Emisi Efek,Pemeringkat Efek,Manajer Investasi,Manajaer Investasi,B
54,"Pendelegasian wewenang perizinan Sektor Jasa Keuangan di Bidang Pengawasan Sektor Pasar Modal, Keuangan Derivatif, dan Bursa Karbon di Kantor OJK Daerah mulai efektif pelaksanaannya pada tahun",2026,2024,2025,2023,C
55,Kegiatan jasa keuangan di sektor derivatif termasuk dalam,UU Fidusia,UU Perlindungan Konsumen,UU Nomor 4 Tahun 2023 tentang Pengembangan dan Penguatan Sektor Keuangan,UU Perbankan,C
56,Penyusunan Dokumen Pendukung RIKSA merupakakan prosedur pemeriksaan kepatuhan pada tahap,Pelaksanaan,Penyelesaian,Persiapan,Pemantauan,C
57,"Berikut adalah komponen risiko kelembagaan dalam perhitungan RBS APUPPT, kecuali",Produk,Struktur Kepemilikan Manajer Investasi,Dana kelolaan,Mekanisme Transaksi,A
58,Berikut yang merupakan faktor-faktor RBS Manajer Investasi adalah,"Good Corporate Governance, Risiko inheren, penerapan APU-PPT, Rentabilitas","Rentabilitas, Penerapan APU-PPT, Good Corporate Governance, Permodalan","Risiko inheren, Good Corporate Governance, Rentabilitas, Permodalan","Risiko inheren, Rentabilitas, penerapan APU-PPT, Permodalan",C
59,Berikut yang merupakan laporan berkala Manajer Investasi yang dikirim secara bulanan adalah,Laporan Modal Kerja Bersih Disesuaikan,"Laporan X.N.1 Reksa Dana, EBA, DIRE dan produk lainnya (KPD)",Laporan Keuangan Tahunan,Laporan Prospektus Reksa Dana,B
60,Pengurangan emisi gas rumah kaca yang dilakukan oleh usaha dan/atau kegiatan untuk mengkompensasi emisi yang dibuat di tempat lain juga dikenal dengan istilah,Sistem Registri Nasional Pengendalian Perubahan Iklim,Sumber Registri Nasional Pengendalian Perubahan Iklim,Sistem Rencana Nasional Pengendalian Perubahan Iklim,Sertifikasi Registri Nasional Pengendalian Perubahan Iklim,A
61,Standar waktu penyelesaian dalam proses tahapan pemeriksaan teknis dilaksanakan selama,75 hari kalender,60 hari kerja,60 hari kalender,75 hari kerja,D
62,Perbedaan proses Penawaran Umum yang menggunakan e-IPO dan Penawaran Umum yang tidak menggunakan e-IPO adalah ...,Penawaran Umum menggunakan e-IPO menyampaikan dokumen Pernyataan Pendaftaran melalui e-IPO sedangkan Penawaran Umum tidak menggunakan sistem e-IPO menyampaikan dokumen Pernyataan Pendaftaran melalui SPRINT,Masa Penawaran Umum perusahaan yang menggunakan e-IPO adalah 1-5 hari kerja sedangkan Masa Penawaran Umum perusahaan yang tidak menggunakan e-IPO adalah 3- 5 hari kerja,Penawaran Umum menggunakan e-IPO tidak diwajibkan menyampaikan laporan audit penjatahan kepada OJK sedangkan Penawaran Umum tidak menggunakan sistem e-IPO wajib menyampaikan laporan audit penjatahan kepada OJK,Penawaran Umum menggunakan e-IPO wajib menyampaikan laporan hasil Penawaran Umum kepada OJK sedangkan Penawaran Umum tidak menggunakan e-IPO tidak wajib menyampaikan laporan hasil Penawaran Umum kepada OJK,C
63,Kontrak opsi atas efek termasuk kategori,Efek bersifat utang,Produk derivatif keuangan,Saham preferen,Reksa dana indeks,B
64,Unit Karbon yang penerbitannya berasal dari seritifikat kuota emisi yang ditetapkan oleh Kementerian teknis adalah,Carbon Tax,PTBAE,SPE-GRK,PTBAE-PU,D
65,Sesuai UUP2SK dan POJK No.14 tahun 2023 Unit Karbon digolongkan sebagai,Efek,Gas Rumah Kaca,Emisi,Komoditas,A
66,Standar waktu penyelesaian dalam proses tahapan penelaahan dilaksanakan selama,75 hari kerja,60 hari kerja,90 hari kerja,120 hari kerja,D
67,"Berikut adalah fungsi-fungsi yang harus dipenuhi Manajer Investasi, kecuali",Fungsi investasi dan riset,Fungsi penyelesaian transaksi Efek,Fungsi perdagangan,Fungsi penjaminan emisi,D
68,"Sesuai dengan POJK Nomor 41/POJK.04/2020 tentang Pelaksanaan Kegiatan Penawaran Umum Bersifat Ekuitas, Efek Bersifat Utang dan/atau Sukuk secara Elektronik (POJK 41/2020), Emiten wajib menggunakan system Penawaran Umum elektronik (e-IPO) kecuali bagi Emiten yang ...",menggunakan penjamin emisi Efek dalam Penawaran Umum,tidak menggunakan penjamin emisi Efek dalam Penawaran Umum,akan mencatatkan obligasinya di Bursa Efek Indonesia,akan mencatatkan sahamnya di Bursa Efek Indonesia,B
69,Pihak yang melakukan melakukan pengelolaan Reksa Dana adalah,Agen Penjual Efek Reksa Dana,Bank Kustodian,Penasihat Investasi,Manajer Investasi,D
70,Apa nama sistem yang digunakan untuk melakukan perhitungan Risk Based Supervision (RBS) Manajer Investasi?,Sistem SIPEDULI,Sistem Informasi Pasar Modal (SIPM),Sistem Informasi Pungutan OJK,Sistem Perizinan Terintegras,B
71,"Berikut adalah aspek yang ditelaah dalam kegiatan pengawasan terhadap laporan profesi penunjang pasar modal, kecuali",Kewajaran laporan keuangan,Substansi pelaporan,Kelengkapan dokumen,Ketepatan waktu,A
72,Efek yang dapat diterbitkan melalui Layanan Urun Dana adalah,"EBE, MTN dan Sukuk","EBE, Reksadana, dan Sukuk","EBU, MTN, dan Sukuk","EBE, EBU dan Sukuk",D
73,"Berikut di bawah ini adalah jenis pasar/perdagangan karbon yang tersedia di bursa karbon, kecuali",Pasar Langsung (Direct),Pasar Lelang (Auction),Pasar Reguler,Pasar Negosiasi,A
74,"Manakah yang termasuk ruang lingkup pengawasan berdasarkan Pasal 26 angka (2) POJK 14 Tahun 2023, yaitu",Penyelenggara Bursa Karbon,Sumber dana proyek perdagangan karbon,Project Developer perdagangan karbon,Lembaga Verifikasi dan Validasi,A
75,Manfaat derivatif bagi investor antara lain,Perluasan Market Share,Likuiditas efek underlying meningkat,Potensi Keuntungan Saat Naik / turun,Mendorong pengembangan Produk lainnya,C
76,Pasar Modal Syariah adalah kegiatan pasar modal yang,Hanya untuk bank syariah,Menggunakan indeks global,Bebas pajak,Tidak bertentangan dengan prinsip syariah,D
77,Berikut pernyataan yang benar mengenai efektifnya Pernyataan Pendaftaran (PP) dalam rangka Penawaran Umum atau Perusahaan Publik ...,Pernyataan Pendaftaran (PP) menjadi efektif pada hari kerja ke-25 sejak diterimanya PP secara lengkap atau pada tanggal yang lebih awal jika dinyatakan efektif oleh OJK.,Pernyataan Pendaftaran (PP) menjadi efektif pada hari kerja ke-20 sejak diterimanya PP secara lengkap atau pada tanggal yang lebih awal jika dinyatakan efektif oleh OJK.,Pernyataan Pendaftaran (PP) menjadi efektif pada hari kerja ke-25 sejak diterimanya PP atau pada tanggal yang lebih awal jika dinyatakan efektif oleh OJK.,Pernyataan Pendaftaran (PP) menjadi efektif pada hari kerja ke-20 sejak diterimanya PP atau pada tanggal yang lebih awal jika dinyatakan efektif oleh OJK.,B
78,"Dalam ruang lingkup perdagangan saham di Pasar Reguler, Pengawasan Transaksi Efek juga dilakukan oleh lembaga lain selain OJK sesuai fungsi dan tugasnya, kecuali",BEI,KSEI,PPATK,KPEI,C
79,OJK dapat melakukan pembinaan dan pengawasan terhadap profesi penunjang sektor keuangan sepanjang,Profesi penunjang sektor keuangan menyatakan bersedia untuk menjalani pemeriksaan oleh OJK,"Berkoordinasi dengan kementerian, lembaga, atau otoritas pembina dan pengawas",,,B
80,profesi penunjang sektor keuangan terkait,,,Profesi penunjang sektor keuangan telah menyampaikan pendaftaran ke OJK,"Telah melakukan perjanjian kerjasama dengan kementerian, lembaga, atau otoritas terkait",
81,"Reksa Dana Campuran melakukan investasi dalam Efek bersifat Ekuitas, Efek bersifat utang, dan/atau instrumen Pasar Uang dalam negeri yang masing-masing paling banyak...",80% dari NAB,75% dari NAB,79% dari NAB,70% dari NAB,C
82,"Profesi yang dapat mengajukan permohonan pendaftaran kembali ketika masa berlaku STTD habis, kecuali",Konsultan Hukum,Penilai,Notaris,Akuntan Publik,D
83,"Berikut ini adalah kewajiban pelaporan Emiten dan Perusahaan Publik yang dilakukan secara berkala, kecuali",Laporan realisasi penggunaan dana hasil penawaran umum,Laporan atas permohonan kepailitan,Laporan tahunan,Laporan keuangan tahunan,B
84,Manakah di bawah ini yang bukan merupakan definisi orang dalam sebagaimana dimaksud dalam Pasal 95 Undang-Undang No. 8 tahun 1995 dan Pasal 97 UU No. 4 Tahun 2023 tentang Pengembangan dan Penguatan Sektor Keuangan,Pihak yang dalam waktu 6 (enam) bulan terakhir tidak lagi menjadi Direksi suatu Emiten,"Pihak yang memiliki hubungan kerja atau kemitraan dalam kegiatan usaha dengan Emiten, antara lain hubungan nasabah, pemasok, kontraktor, pelanggan, dan kreditur","Direksi, Komisaris, Pemegang Saham Utama Emiten",Orang perseorangan yang karena kedudukan atau profesinya atau karena hubungan usahanya dengan Emiten memungkinkan orang tersebut dapat berkomunikasi dengan Emiten,D
85,Tugas dan wewenang OJK dalam ekosistem Perdagangan Karbon di Indonesia adalah,Mengatur dan mengawasi penerbitan unit karbon dan pendaftaran pada sistem registrasi nasional,Mengatur dan mengawasi penetapan pengurangan emisi dan penerapan pajak karbon,Mengatur dan mengawasi penyelenggaraan perdagangan karbon secara menyeluruh,Mengatur dan mengawasi perdagangan unit karbon pada pasar sekunder yang,D
86,ditransaksikan melalui Bursa Karbon Yang termasuk jenis Efek adalah,gadai emas,saham dan waran,investasi surat tanah,polis asuransi,B
87,Salah satu aplikasi yang digunakan oleh Pengawas Transaksi Efek untuk melihat data pelaporan transaksi EBUS (Efek bersifat utang (obligasi) atau sukuk) adalah,tidak ada jawaban yang benar,Microsoft Power Point,Sipetro (Nasdaq),Penerima Laporan Transaki Efek (PLTE) Daily Watching,D
88,"Berikut merupakan fungsi pengembangan aplikasi di DAIM, kecuali",Identifikasi Kebutuhan Bisnis (Use Case Pengawasan dan Pengenaan Sanksi),Melakukan perancangan infrastruktur pengadaan Teknologi,Reengineering Business Process Analisis Solusi IT,Pemanfaatan SIPM Akselerasi Pengawasan,B
89,Sektor usaha yang tidak diwajibkan melakukan pengurangan emisi berdasarkan prioritas NDC Indonesia yaitu kecuali,Transportasi,Pengelolaan limbah,Perikanan,Keuangan,B
90,Masa Penawaran Umum bagi perusahaan yang menggunakan e-IPO adalah ...,1-5 hari kerja,1 hari kerja,2-5 hari kerja,3-5 hari kerja,D
91,"Berdasarkan POJK 30/2019 tentang Penerbitan EBUS TPU, Pemodal Profesional harus memenuhi dua kriteria, yaitu",Merupakan pihak yang memiliki STTD pasar modal dan kompetensi di bidang manajemen investasi,Memiliki pengetahuan pasar modal yang baik dan waktu yang memadai untuk menganalisis investasi,Memiliki ijin dari Kementerian Keuangan dan terdaftar di OJK,Kemampuan untuk membeli Efek dan melakukan analisis risiko terhadap investasi atas Efek,D
92,Kewenangan OJK dalam Ekosistem Perdagangan Karbon di Indonesia adalah,"Memberikan Izin Penyelenggara Bursa Karbon, dan mengawasi Pasar Sekunder",,,,
93,perdagangan karbon,,Mengawasi Pasar Sekunder perdagangan karbon,"Memeberikan Izin Project Developer, dan mengawasi lembaga validasi dan verifikasi",Memberikan Izin Project Developer dan mengawasi Pasar Primer perdagangan karbon,D
94,"Dalam siklus pengawasan PE berdasarkan RBS (Risk Based Supervision), tahap setelah Penilaian Peringkat Risiko Komposit adalah",Tindakan Pengawasan dan Monitoring,Pemeriksaan berdasarkan risiko,Perencanaan Pengawasan,Pemahaman PE,C
95,Indikator utama apa yang digunakan dalam pemantauan kondisi pasar modal?,Penurunan IHSG,Bid-ask spread,Average Daily Return Market Cap,Standar deviasi return harian IHSG,A
96,Berikut ini yang bukan merupakan output analisis data dan informasi di sektor PMDK yaitu,Laporan Harian,Laporan Statistik,Stress Test PMDK,Laporan Bulanan,B
97,Indeks syariah yang diterbitkan oleh BEI dan Masyarakat Ekonomi Syariah (MES) adalah,IDX30,LQ45,IDX-MES BUMN 17,SRI-KEHATI,C
98,Perbedaan antara sukuk dengan obligasi adalah,"Jenis penghasilan sukuk adalah imbalan, bagi hasil, atau marjin, sedangkan obligasi",,,,
99,adalah dividen,,"Jenis penghasilan sukuk adalah imbalan, bagi hasil, atau marjin, sedangkan obligasi",,,B
100,adalah bunga,,,"Jenis penghasilan sukuk adalah dividen, sedangkan obligasi adalah bunga","Jenis penghasilan sukuk adalah bunga, sedangkan obligasi adalah dividen",
101,"Data pelaporan transaksi berikut dapat dilihat pada aplikasi Penerima Laporan Transaksi Efek (PLTE) Daily Watching, kecuali",EBUS (Efek bersifat utang (obligasi) atau sukuk),obligasi dan sukuk korporasi,Surat Berharga Negara (SBN),saham dan waran,D
102,"Perbedaan antara kepentingan ekonomis perusahaan terbuka dengan kepentingan ekonomis pribadi anggota Direksi, anggota Dewan Komisaris, pemegang saham utama, atau pengendali yang dapat merugikan perusahaan terbuka dimaksud adalah definisi dari",Transaksi Material,Penawaran Tender,Benturan Kepentingan,Transaksi Afiliasi,C
103,Data dan informasi di sektor PMDK mencakup,"Pelaku, Produk, Rekomendasi Saham, Kepemilikan, Lembaga Dan Profesi","Pelaku, Produk, Transaksi, Kepemilikan, Lembaga Dan Profesi","Kegiatan Edukasi LJK, Produk, Transaksi, Kepemilikan, Lembaga Dan Profesi","Pelaku, Produk, Transaksi, SLIK, Lembaga Dan Profesi",B
104,Contoh produk derivatif yang diperdagangkan di BEI adalah,SSF LQ45,Reksa Dana Syariah,Rights Issue,Obligasi Ritel Indonesia,A
105,"Masyarakat pemodal sangat memerlukan informasi mengenai kegiatan perdagangan, keadaan pasar, atau harga Efek di Bursa Efek yang tercermin dari kekuatan penawaran jual dan penawaran beli Efek sebagai dasar untuk mengambil keputusan investasi dalam Efek. Manakah di antara tindakan di bawah ini yang tidak menciptakan gambaran semu mengenai kegiatan perdagangan, keadaan pasar, atau harga Efek di Bursa Efek",Meminjam saham kepada Perusahaan Efek karena telah melakukan short selling,"Melakukan penawaran jual atau penawaran beli Efek pada harga tertentu, di mana Pihak tersebut juga telah bersekongkol dengan Pihak lain yang melakukan penawaran beli atau penawaran jual Efek yang sama pada harga yang kurang lebih sama",Melakukan transaksi yang tidak mengakibatkan perubahan kepemilikan,Melakukan transaksi Efek dengan menggunakan rekening Efek di beberapa Perusahaan Efek dengan tujuan untuk menciptakan kekuatan penawaran jual dan penawaran beli atas suatu Efek di Bursa Efek,A
106,"Berikut merupakan buku yang telah dipublikasi oleh DAIM, kecuali",Roadmap Pasar Modal Indonesia 2023-2027,Buku Saku Pasar Modal,Capital Market Fact Book 2023,Buku Pintar Pasar Modal,D
107,"Berikut merupakan bentuk KUBL, kecuali",Transportasi ramah lingkungan,Efisiensi energi,Pencegahan dan pengendalian polusi,Perumahan yang terjangkau,D
108,-Selesai Berikut adalah aplikasi yang digunakan sebagai aplikasi pengawasan,"SIPM, SIPETRO, Daily Watching",SPRINT,"ARIA, SIPM, PIPM","e-BAE, e-RKAT",A
109,Salah satu transaksi yang dilarang dalam pasar modal syariah adalah,Jual beli saham syariah,Penerbitan sukuk,Penawaran umum,Short selling,D
110,Tindakan yang dapat dilakukan oleh pengawas ketika mendapati keterlambatan penyampaian laporan pemberian jasa oleh profesi penunjang pasar modal,Memberikan perintah tertulis,Melimpahkan ke direktorat pemeriksaan khusus,Menghitung dan menginformasikan nilai denda keterlambatan kepada profesi penunjang tersebut,Menyampaikan permintaan konfirmasi keterlambatan kepada profesi penunjang tersebut,D
111,"Atas Perintah Tindakan Tertentu yang tidak dipenuhi, OJK berwenang melakukan",pengambilalihan kewenangan dan perintah tertulis,perintah tertulis dan teguran tertulis,pemeriksaan dan perintah tertulis,pemeriksaan dan teguran tertulis,C
112,"PT “ABC” Tbk menggunakan jasa audit atas informasi keuangan historis dari Akuntan Publik (AP) “X” untuk tahun buku 2020, 2021, dan 2022. Mana pernyataan yang benar untuk audit atas informasi keuangan historis tahunan 2023 PT “ABC” Tbk?",Tidak dapat diaudit oleh AP X hingga tahun buku 2024,"Masa cooling off, selama 2 tahun",Masa cooling off 1 tahun,Masih dapat diaudit oleh AP X,
113,"Dalam Tahapan peralihan ke OJK, produk derivatif existing",Hanya berlaku di OTC,Bisa diperpanjang tanpa batas,"Tidak dapat diperpanjang, dianggap jatuh tempo 6 bulan setelah POJK berlaku",Bisa dipindahtangankan ke BI,C
114,Pengurangan emisi gas rumah kaca yang dilakukan oleh usaha dan/atau kegiatan untuk mengkompensasi emisi yang dibuat di tempat lain juga dikenal dengan istilah,Perdagangan Allowance,Perdagangan emisi,Offset emisi,Perdagangan PTBAE-PU,C
115,Batas waktu penyampaian laporan keuangan tahunan paling lambat adalah,3 bulan setelah berakhirnya tahun buku,1 bulan sebelum RUPS,"2 bulan, jika disertai laporan Akuntan dalam rangka penelaahan terbatas","1 bulan, jika tidak diaudit",A
116,Aset wakaf pada sukuk wakaf harus diserahkan pemberi wakaf kepada?,Nazhir,Wakif,Mawquf,Mauquf alaih,A
117,"Berdasarkan Undang-Undang P2SK, Pembinaan dan pengawasan Profesi Penunjang Sektor Keuangan berupa Akuntan Publik dan Penilai Publik, dilakukan oleh",Bank Indonesia,Kementerian Keuangan,Otoritas Jasa Keuangan,Asosiasi,B
118,"Dalam persiapan melakukan Pernyataan Pendaftaran, Emiten menunjuk Profesi Penunjang Pasar Modal untuk mempersiapkan dokumen. Profesi dibawah ini yang bukan termasuk Profesi Penunjang Pasar Modal adalah...",Konsultan Hukum,Akuntan,Notaris,Wali Amanat,D
119,RUPS tahunan wajib dilaksanakan paling lambat,4 bulan setelah tahun buku berakhir,dapat dilaksanakan setiap waktu sesuai kebutuhan,6 bulan setelah tahun buku berakhir,3 bulan setelah tahun buku berakhir,C
120,"Berdasarkan Undang-Undang P2SK, Pembinaan dan pengawasan Profesi Penunjang Sektor Keuangan berupa Ahli Syariah Jasa Keuangan, dilakukan oleh",Asosiasi,Bank Indonesia,Kementerian Keuangan,Otoritas Jasa Keuangan,D
121,Tindakan apa yang dapat diambil dalam opsi kebijakan pencegahan-penanganan dalam Protokol Manajemen Krisis?,Asymmetric auto rejection (ARB),Pelarangan short selling,Semua benar,Pemendekan jam perdagangan (shortened trading hours),C
122,Yang tidak termasuk jenis Efek adalah,waran terstruktur,Efek bersifat utang dan sukuk,Efek bersifat ekuitas,rekening bank,D
123,Berikut merupakan sumber data yang diperoleh sebagai sumber data pengawasan,"Data perizinan, data SRO, data pelaporan",Data ekonomi makro,Data Kementerian terkait,Data kependudukan,A
124,Investor dapat meminta kompensasi (buyback/kenaikan kupon) pada EBUS terkait keberlanjutan jika,OJK mencabut izin emiten,Nilai tukar rupiah melemah,Emiten bangkrut,Kegiatan yang dibiayai tidak lagi memenuhi persyaratan KUBL dan KUBS,D
125,"Secara umum Penyusunan Rancangan Peraturan Otoritas Jasa Keuangan terdiri dari beberapa tahapan, yaitu",Perencanaan – Penyusunan – Pembahasan – Penetapan – Pengundangan dan Penyebarluasan,Perencanaan – Penyusunan – Penetapan – Pengundangan dan Penyebarluasan,Perencanaan – Pembahasan – Penyusunan – Penetapan – Penyebarluasan dan Pengundangan,Perencanaan – Pembahasan – Penyusunan – Penetapan – Pengundangan dan Penyebarluasan,A
126,"Berikut merupakan tahap awal dalam pelaksanaan Sosialisasi, Edukasi dan Diseminasi Informasi, kecuali",Merupakan Program Kerja yang diinisiasi oleh satuan kerja terkait,Permintaan dari stakeholders secara lisan,"Disposisi pimpinan atas surat permintaan dari instansi, lembaga, dan/atau komunitas",Terdapat permintaan dari satuan kerja di internal OJK,B
127,"Emiten atau Perusahaan Publik mempunyai kewajiban untuk melaporkan laporan berkala maupun insidentil. Di bawah ini adalah laporan yang disampaikan secara insidentil, yaitu",Laporan keterbukaan informasi yang harus segera diumumkan kepada publik,Laporan realisasi penggunaan dana,Laporan tahunan,Laporan keuangan tahunan,A
128,Peraturan OJK yang mengatur tentang Perdagangan Karbon melalui Bursa Karbon adalah,POJK Nomor 14 Tahun 2022,POJK Nomor 14 Tahun 2024,POJK Nomor 12 Tahun 2023,POJK Nomor 14 Tahun 2023,D
129,Peraturan Dewan Komisioner yang mengatur tentang Organisasi Otoritas Jasa Keuangan yaitu,1/PDK.02/2023,1/PDK.02/2022,10/PDK.02/2023,10/PDK.02/2022,A
130,"Menurut UU P2SK, kewenangan pengaturan derivatif keuangan beralih dari Bappebti ke",Kementerian Keuangan,BEI,KPPU,OJK dan BI,D
131,Pernyataan yang tidak benar terkait tindak pidana pasar modal,Penyidikan tindak pidana pasar modal oleh OJK tunduk kepada KUHAP,Setiap terdapat bukti permulaan tindak pidana pasar modal harus diproses lebih lanjut dengan penyidikan,Penyidik OJK memiliki kewenangan untuk menghentikan penyidikan tindak pidana sektor pasar modal yang sedang dilakukan penyidikan,OJK memiliki kewenangan atas penyidikan tindak pidana sektor pasar modal berdasarkan UU OJK,B
132,"Dalam menganalisis data transaksi efek, Pengawas Transaksi Efek melakukan rekapitulasi 15 nasabah terbesar transaksi beli dan jual untuk melihat hal berikut, kecuali",volume transaksi terbesar,dominasi transaksi,motif transaksi,frekuensi transaksi terbesar,D
133,Manakah yang merupakan isi laporan berkala EBUS LSK?,budaya keberlanjutan,tata kelola perusahaan,realisasi penggunaan dana,strategi keberlanjutan,C
134,"Salah satu tahapan yang dilakukan dalam rangka penyusunan rencana pemeriksaan kepatuhan, khususnya terkait pemilihan objek pemeriksaan untuk profesi Penilai adalah melakukan koordinasi dengan",Institut Akuntan Publik Indonesia (IAPI),Pusat Pembinaan Profesi Keuangan (PPPK),Forum Penilai Pasar Modal - Masyarakat Profesi Penilai Indonesia (FPPM - MAPPI),Asosiasi Profesi Penilai Pemerintah (APPP),C
135,"Paket lain, jawaban itu salah Di antara jawaban berikut ini, manakah yang bukan termasuk dalam penegakan hukum di sektor Pasar Modal sesuai dengan UU No. 8 Tahun 1995 tentang Pasar Modal dan UU No. 4 Tahun 2023 tentang Pengembangan dan Penguatan Sektor Keuangan",Pengenaan Sanksi Administratif,Pemeriksaan,Pemberian Pernyataan Efektif,Pembinaan,C
136,"Jenis Efek Bersifat Utang dan Sukuk berlandaskan keberlanjutan yaitu, kecuali",Sosial Bond,Obligasi Ritel Indonesia (ORI),Sustainability Sukuk,Green Bond,B
137,Transaksi yang mengandung unsur riba dalam PMS adalah,Transaksi marjin,Trading saham syariah,Sukuk ijarah,Rights issue syariah,A
138,Variabel yang tidak diperhitungkan dalam penilaian risiko profesi konsultan hukum adalah,Inherent Risk,Kerjasama dengan kantor asing,Impact,Pengendalian Internal,B
139,Salah satu aplikasi yang digunakan oleh Pengawas Transaksi Efek untuk melihat data transaksi saham dan waran adalah,Microsoft Power Point,Sipetro (Nasdaq),Penerima Laporan Transaki Efek (PLTE) Daily Watching,tidak ada jawaban yang benar,B
140,"Berikut ini yang merupakan periode laporan realisasi penggunaan dana yang wajib disampaikan kepada OJK, adalah",Juli,Maret,September,Juni,D
141,Manakah dasar hukum yang menjadi latar belakang penetapan kewenangan kepada OJK untuk mengatur perdagangan sekunder,UU No. 4 Tahun 2023 tentang Pengembangan dan Penguatan Sektor Keuangan (P2SK),Peraturan Presiden No. 98 Tahun 2021 tentang Nilai Ekonomi Karbon,UU No.7 Tahun 2021 tentang Harmonisasi Peraturan Perpajakan,Peraturan Menteri LHK No.21 Tahun 2022 tentang Tata Laksana Penerapan Nilai,A
142,Ekonomi Karbon Dashboard My courses Program Pendidikan Calon Staf Angkatan 8 (PCS8) atau Pendidikan Calon Asisten Manajer Angkatan 8 (PC General Ujian PMDK Jenis pelaporan berkala yang wajib disampaikan oleh Profesi Penunjang Pasar Modal adalah,Laporan pemberian jasa,Harian – tahunan,Laporan keuangan,Laporan operasional,A
143,"Berdasarkan Pasal 4 UUPM, Pengawasan Pasar Modal bertujuan untuk mewujudkan terciptanya kegiatan Pasar Modal yang","teratur, aman, dan efektif, serta melindungi kepentingan pemodal dan masyarakat","aman, wajar, dan efektif, serta melindungi kepentingan pemodal dan masyarakat","teratur, wajar, dan efisien, serta melindungi kepentingan pemodal dan masyarakat","aman, lancar, dan efisien, serta melindungi kepentingan pemodal dan masyarakat",C
144,Keterbukaan Informasi yang harus segera diumumkan kepada publik wajib disampaikan kepada Otoritas Jasa Keuangan selambat-lambatnya ... hari kerja setelah keputusan atau terdapatnya informasi atau fakta material yang mungkin dapat mempengaruhi nilai Efek atau keputusan pemodal,3 (tiga),4 (empat),1 (satu),2 (dua),D
145,Proses screening Daftar Efek Syariah (DES) atas laporan keuangan yang dilakukan oleh OJK adalah,"Tidak melakukan kegiatan usaha yang bertentangan dengan prinsip syariah, total utang berbasis bunga dibanding total aset tidak lebih dari 45%, dan total pendapatan non halal dibandingkan dengan total pendapatan tidak lebih dari 10%.","Tidak melakukan kegiatan usaha yang bertentangan dengan prinsip syariah, total utang berbasis bunga dibanding total aset lebih dari 45%, dan total pendapatan non halal dibandingkan dengan total pendapatan lebih dari 10%.","Tidak melakukan kegiatan usaha yang bertentangan dengan prinsip syariah, total utang berbasis bunga dibanding total aset tidak lebih dari 45%, dan total pendapatan non halal dibandingkan dengan total pendapatan sama dengan 10%.","Tidak melakukan kegiatan usaha yang bertentangan dengan prinsip syariah, total utang berbasis bunga dibanding total aset sama dengan 45%, dan total pendapatan non halal dibandingkan dengan total pendapatan tidak lebih dari 10%.",A
146,Alur penetapan sanksi yang berlaku di Direktorat Pengawasan Transaksi Efek,Pelimpahan dari Direktorat Pemeriksaan Khusus Pasar Modal – Penyusunan Surat Sanksi – Penyusunan Pendapat Hukum – Surat Sanksi,Penyusunan Pendapat Hukum – Penyusunan Surat Sanksi – Surat Sanksi – Pelimpahan ke Direktorat Pemeriksaan Khusus Pasar Modal,Pelimpahan dari Direktorat Pemeriksaan Khusus Pasar Modal – Penyusunan Pendapat Hukum – Penyusunan Surat Sanksi – Surat Sanksi,Penyusunan Surat Sanksi – Penyusunan Pendapat Hukum – Surat Sanksi – Pelimpahan ke Direktorat Pemeriksaan Khusus Pasar Modal,B
147,Mengikat kepada siapakah Peraturan yang dibuat oleh bursa efek?,Biro Administrasi efek,Investor,Anggota bursa Efek,OJK,C
148,Perhitungan/ valuasi dari Nilai Pasar Wajar Efek Saham pada portofolio Reksa Dana menggunakan,Nilai nominal,Harga transaksi yang dilakukan,Amortisasi,Harga penutupan bursa,D
149,"Berikut adalah laporan setelah penerbitan EBUS TPU, kecuali",Laporan Perubahan Syarat dan Kondisi EBUS TPU dari penerbit,Laporan Keuangan yang telah diaudit oleh Akuntan,Laporan Hasil Penerbitan EBUS TPU dari Penerbit,Laporan Informasi Material dari Agen Pemantau,B
150,"Di bawah ini, yang bukan manfaat dari perusahaan melakukan Penawaran Umum perdana saham adalah ...",Perusahaan tersebut tidak perlu melakukan pembayaran pajak,Sumber dana untuk ekspansi atau bayar pinjaman,Peningkatan nilai perusahaan,Peningkatan corporate image,A
151,Pengembalian izin usaha/ surat tanda terdaftar/ tercatat APERD ditetapkan pencabutannya oleh,Direktur a.n Dewan Komisioner OJK,Kepala OJK Koordinator a.n Dewan Komisioner OJK,Dewan Komisioner OJK,Deputi Direktur a.n Dewan Komisioner OJK,
152,Yang merupakan peraturan terkait perizinan Manajer Investasi adalah sebagai berikut,Peraturan V.D.5,Peraturan V.D.4,Peraturan V.B.4,Peraturan V.A.3,D
153,Jenis akad dalam reksadana syariah antara pihak pemberi kuasa dan pihak penerima kuasa dengan cara pihak pemberi kuasa memberikan kuasa kepada pihak penerima kuasa untuk menginvestasikan uang investor kedalam produk syariah adalah konsep akad,Wakalah,Kafalah,Ijarah,Istishna,A
154,"Dalam hal Lembaga Jasa Keuangan Pasar Modal di Daerah menyampaikan Keberatan atas pengenaan sanksi, maka KOJK Koordinator menyampaikan Naskah Dinas kepada",Dewan Komisioner OJK,"Departemen Pengawasan Pengelolaan Investasi dan Pasar Modal Regional, dalam hal Lembaga Jasa Keuangan berupa Manajer Investasi atau APERD","Direktorat Pengawasan Perusahaan Efek, dalam hal Lembaga Jasa Keuangan berupa Perusahaan Efek",Direktorat Pengendalian Kualitas dan Penanganan Keberatan,D
155,"POJK 5 tahun 2025 sudah berlaku, peraturan apa saja yang menjadi tidak berlaku?","POJK 57/2020, POJK 67/2107 dan POJK 5/2021","POJK 5/2021, POJK 67/2017 dan POJK 66/2017","POJK 67/2017, POJK 68/2017 dan POJK 66/2017","POJK 66/2017, POJK 68/2017 dan POJK 5/2021",C
156,Perusahaan Efek yang melakukan Penjaminan Emisi Efek antara lain harus memenuhi persyaratan sebagai berikut,Didukung oleh pegawai-pegawai yang ahli di dalam bidang penjaminan Emisi Efek,Semua direktur harus mempunyai izin orang perseorangan sebagai Wakil Penjamin,,,
157,Emisi Efek,,,Sekurang-kurangnya mempunyai seorang direktur dan dua orang pegawai yang telah memperoleh izin orang perseorangan sebagai Wakil Penjamin Emisi Efek,Sekurang-kurangnya mempunyai seorang direktur dan seorang pegawai yang masing-masing telah memperoleh izin orang perseorangan sebagai Wakil Penjamin Emisi Efek,D
158,Green Bonds adalah EBUS yang digunakan untuk pembiayaan,Infrastruktur digital,UMKM,Startup teknologi,Kegiatan usaha berwawasan lingkungan,D
159,Pasal dalam UU Pasar Modal (UUPM) dan sebagian pasal yang telah diubah dengan UU Pengembangan dan Penguatan Sektor Keuangan (UUP2SK) yang mengatur tentang larangan tindakan fraud dan manipulasi perdagangan di pasar adalah,"Perubahan Pasal 90, 91 dan 92 UUPM di UUP2SK","Pasal 95, 96 dan 98 UUPM dan Perubahan Pasal 97 UUPM di UUP2SK",Tidak ada jawaban yang benar,Perubahan Pasal 93 UUPM di UUP2SK,A
160,Komite Audit dapat dijabat oleh,Semua komisaris,Kepala internal audit,Komisaris independen,Komisaris utama namun bukan komisaris independen,C
161,Unit Karbon yang penerbitannya berasal dari proyek pengurangan emisi dan harus melakukan proses validasi dan verifikasi adalah,Carbon Tax,SPE-GRK,PTBAE-PU,PTBAE,B
162,"Berdasarkan POJK Nomor 36/POJK.04/2018 tentang Tata Cara Pemeriksaan di Sektor Pasar Modal, Pemeriksaan didefinisikan sebagai serangkaian kegiatan mencari, mengumpulkan, dan mengolah data atau keterangan lain yang dilakukan Pemeriksa untuk ........... di bidang Pasar Modal",Membuktikan kepatuhan para pelaku pasar terhadap peraturan,Memastikan bahwa pelaku Sektor Jasa Keuangan melanggar peraturan perundang- undangan,Membuktikan pelanggaran ketentuan pidana,Membuktikan ada tidaknya pelanggaran atas peraturan perundang-undangan,D
163,Kapan masa berlaku izin Wakil Perusahaan efek,3 Tahun sejak Tanggal surat persetujuan dan berakhir di tanggal kelahiran pemegang izin,3 Tahun sejak tanggal surat persetujuan pemegang izin,3 Tahun sejak tanggal lahir pemegang izin,4 Tahun sejak Tanggal surat persetujuan dan berakhir di tanggal kelahiran pemegang izin,A
164,"Alasan untuk dilakukannya pemeriksaan insidentil antara lain adalah, kecuali",Pengaduan Nasabah,Permintaan Objek Riksa,Kasus yang melibatkan objek riksa,Arahan Pimpinan,B
165,Pembayaran berbasis kinerja (result-based payment) merupakan,Nilai/harga emisi karbon yang ditetapkan oleh pemerintah yang wajib dibayar oleh,,,,
166,pihak yang menghasilkan karbon,,Pembayaran yang dilakukan atas surplus kuota dimana pemakaian allowance-nya,,,
167,dibawah dari batas atas yang telah ditetapkan,,,Insentif atau pembayaran yang diperoleh dari hasil capaian pengurangan emisi GRK yang telah diverifikasi dan/atau terverifikasi dan manfaat selain karbon yang telah divalidasi,Pembayaran setiap allowance yang diberikan oleh Pemerintah,C
168,Sukuk Wakaf adalah instrumen yang digunakan untuk,Optimalisasi manfaat aset wakaf,Likuiditas perbankan,Menjamin kredit konsumtif,Membiayai proyek telekomunikasi,A
169,"Definisi Standar Akuntansi Keuangan (SAK) berdasarkan PSAK 201 dan 208, yaitu",Pernyataan dan Interpretasi yang dikeluarkan oleh Dewan Standar Akuntansi Keuangan IAI dan Dewan Standar Akuntansi Syariah IAI serta peraturan regulator pasar modal untuk entitas yang berada di bawah pengawasannya,Peraturan regulator pasar modal untuk entitas yang berada di bawah pengawasannya,Pernyataan dan Interpretasi yang dikeluarkan oleh Dewan Standar Akuntansi Keuangan IAI dan peraturan regulator pasar modal untuk entitas yang berada di bawah,,A
170,pengawasannya,,,,Pernyataan dan Interpretasi yang dikeluarkan oleh Dewan Standar Akuntansi Keuangan IAI dan Dewan Standar Akuntansi Syariah IAI,
171,"Berikut ini Isi laporan berkala EBUS Lingkungan Sosial Keberlanjutan, kecuali",Perubahan realisasi KUBL/KUBS,Laporan Keuangan,Pencapaian realisasi KUBL/KUBS,Realisasi Penggunaan dana,B
172,Pihak lain yang dapat mengajukan sebagai Penyedia Sistem Pengeyenggaran E-RUPS adalah,Pihak yang telah memiliki persetujuan usaha dari OJK untuk melakukan kegiatan di,,,,
173,sektor pasar modal,,Pihak yang telah tercatat dari OJK untuk melakukan kegiatan di sektor pasar modal,Pihak yang telah mendapatkan izin usaha dari OJK untuk melakukan kegiatan di sektor pasar modal,Pihak yang telah terdaftar usaha dari OJK untuk melakukan kegiatan di sektor pasar modal,C
174,Berikut adalah tahapan pengembangan aplikasi pasar modal di OJK,PKSI – Test – Pemrograman – Desain,PKSI – Test – Desain – implementasi,PKSI – Usreq – Desain – Pemrograman – Test,PKSI – Pemrograman – Test,C
175,Perseroan Terbatas yang memiliki tugas menatausahakan serta mengelola Dana Perlindungan Pemodal di Pasar Modal Indonesia adalah,Lembaga Pendanaan Efek,Self-Regulatory Organization,Securities Investor Protection Fund,Lembaga Penilai Harga Efek,C
176,-Selesai- Saham termasuk jenis Efek,polis asuransi,Efek bersifat utang dan sukuk,Efek bersifat ekuitas,waran terstruktur,C
177,"Berikut merupakan ciri dari Sukuk yang diterbitkan melalui Crowdfunding, kecuali",Proyek yang menjadi dasar penerbitan sukuk tidak bertentangan dengan prinsip syariah di pasar modal,Wajib memiliki underlying aset,Penerbitannya harus mendapatkan pernyataan kesesuaian syariah dari TAS / DPS,Dapat diperdagangankan di pasar sekunder,D
178,Berikut yang merupakan komponen penilaian dari permodalan Manajer Investasi,Laba/ rugi,Modal Kerja Bersih Disesuaikan,Return on Equity,Return on Asset,B
179,Manakah ketentuan yang benar terkait Emiten Penawaran Umum Bertahap (PUB)?,Emiten dapat tidak dapat menerbitkan lebih dari 1 EBUS BK,Emiten dapat menerbitkan Lebih dari 1 EBUS BK dengan ketentuan rencana PUB dimuat dalam prospektus pada saat mengajukan Pernyataan Pendaftaran dan seluruh persyaratan penerbitan EBUS BK telah dipenuhi pada saat penerbitan prospektus.,Emiten dapat menerbitkan Lebih dari 1 EBUS BK dengan ketentuan rencana PUB dimuat dalam laporan EBUS berkala pada tahun berikutnya dan seluruh persyaratan penerbitan EBUS BK telah dipenuhi pada saat mengajukan Pernyataan Pendaftaran.,Emiten dapat menerbitkan Lebih dari 1 EBUS BK dengan ketentuan rencana PUB dimuat dalam prospektus pada saat mengajukan Pernyataan Pendaftaran dan seluruh persyaratan penerbitan EBUS BK telah dipenuhi pada saat mengajukan Pernyataan Pendaftaran,D
180,"Berikut adalah larangan bagi Penasihat Investasi, kecuali",Menjanjikan suatu hasil tertentu,"Memberi saran kepada nasabah yang berkaitan dengan pembelian, penjualan atau pertukaran dari Efek yang disertai alasan yang rasional",Mengelola dana nasabah,Mengungkapkan identitas nasabah kepada pihak ketiga kecuali diharuskan oleh peraturan perundangan yang berlaku,B
181,Salah satu kriteria business screening dalam Daftar Efek Syariah (DES) adalah,Membagikan dividen,Laba bersih stabil,Likuiditas tinggi,Tidak melakukan usaha perjudian,D
182,"Dalam menganalisis data transaksi efek, untuk melihat dominasi transaksi beli dan jual suatu efek oleh suatu nasabah, Pengawas Transaksi Efek melakukan",analisis aliran dana,tidak ada jawaban yang benar,pemeriksaan setempat,rekapitulasi 15 nasabah terbesar transaksi beli dan jual,D
183,Hal berikut bukan merupakan sanksi administratif adalah,Perintah mengembalikan aset nasabah yang ditransaksikan tanpa instruksi,Larangan kepada perusahaan efek untuk memberikan fasilitas marjin selama 1 tahun,Larangan auditor untuk mengaudit reksa dana sampai dengan periode tertentu,Peringatan kepada Penilai untuk melaksanakan review penugasan oleh rekan yang lain,A
184,Ruang lingkup pemeriksaan insidentil adalah pada hal sebagai berikut,aspek permasalahan yang ditimbulkan dan aspek lainnya,aspek reputasi,aspek hukum,aspek kredit dan operasional,A
185,Fatwa DSN-MUI yang mengatur Reksa Dana Syariah adalah,Fatwa 20,Fatwa 23,Fatwa 80,Fatwa 40,A
186,Peraturan perundangan di Indonesia yang mengatur mengenai Pasar Modal adalah ...,UU No 11 Tahun 2011,UU No 5 Tahun 1998,UU No 21 Tahun 2011,UU No 8 Tahun 1995 juncto UUP2SK,D
187,"Wakil Agen Penjual Reksa Dana wajib memenuhi persyaratan sebagai berikut, kecuali",Memiliki akhlak dan moral yang baik,Tidak pernah melakukan perbuatan tercela dan/atau dihukum karena terbukti melakukan tindak pidana di bidang jasa keuangan,Tidak Cakap melakukan perbuatan hukum,Memiliki sertifikat keahlian sebagai WAPERD yang diselenggarakan oleh Lembaga Sertifikasi Profesi.,C
188,Proses tahapan reviu alert dilakukan secara,semesteran,tahunan,triwulanan,bulanan,D
189,Manakah yang termasuk dalam mekanisme penyelenggaraan Nilai Ekonomi Karbon di Indonesia,Pajak Karbon,Pembayaran Berbasis Kinerja / Result-Based Payment,Semua Benar,Perdagangan Karbon,C
190,"Perdagangan saham yang tidak mengakibatkan perubahan kepemilikan dengan tujuan menciptakan gambaran semu/menyesatkan tentang kegiatan perdagangan, keadaan pasar, atau harga di bursa efek sesuai ketentuan pada UUPM/UUP2SK",Tidak ada yang benar,Pasal 95,Pasal 91,Pasal 92,C
191,Sanksi Administratif berupa Pencabutan Izin usaha Perusahaan Efek Daerah disampaikan Kantor OJK Koordinator kepada,Kepala Departemen Perizinan Pasar Modal,Departemen Pengawasan Pengelolaan Investasi dan Pasar Modal Regional,Departemen Pengawasan Lembaga Efek,"Kepala Eksekutif Pengawas Pasar Modal, Keuangan Derivatif dan Bursa Karbon",D
192,Jenis produk yang terdapat dalam pasar modal syariah adalah sebagai berikut kecuali,Sukuk,Deposito Syariah,Reksa Dana Syariah,Surat Berharga Syariah Negara (SBSN / Sukuk Negara),B
193,Contoh perusahaan yang mempunyai kegiatan usaha yang bertentangan dengan prinsip syariah di pasar modal adalah,Perusahaan rokok,Perusahaan pengolahan kertas,Perusahaan pertambangan,Perusahaan pembuatan mie instan,A
194,"Berdasarkan Peraturan Pendelegasian Wewenang yang ada, Perizinan Lembaga Jasa Keuangan Pasar Modal yang Berkantor Pusat di daerah dapat dilakukan oleh Kantor OJK Koordinator, kecuali untuk perizinan",Penasihat Investasi,Agen Penjual Efek Reksa Dana,Perusahaan Efek Daerah,Manajer Investasi,D
195,Yang bukan merupakan tujuan penggunaan e-IPO adalah ...,Pembentukan harga Penawaran Umum yang lebih transparan,Percepatan dan efisiensi pelaksanaan Penawaran Umum,Peningkatan partisipasi penilai dalam pasar perdana,Peningkatan partisipasi perusahaan efek dalam pasar perdana,C
196,"Dalam ekosistem perdagangan karbon di Indonesia, pada Pasar Primer, sistem registrasi nasional berada di bawah kewenangan",Kementerian Lingkungan Hidup dan Kehutanan,Lembaga Validasi dan Verifikasi,Kementerian Koordinator bidang Maritim dan Investasi,Otoritas Jasa Keuangan,A
197,"Manakah yang termasuk tujuan dari pembinaan, pengaturan, dan pengawasan Pasar Modal sesuai Pasal 4UUPM",Mewujudkan kegiatan Pasar Modal yang efisien,Mewujudkan kegiatan Pasar Modal yang lancar,Mewujudkan kegiatan Pasar Modal yang aman,Mewujudkan kegiatan Pasar Modal yang efektif,A
198,EBUS sosial digunakan untuk membiayai,Perdagangan karbon,Kegiatan usaha berwawasan sosial,Perdagangan internasional,Derivatif OTC,B
199,Pihak yang bertugas melakukan kliring dan penjaminan derivatif keuangan adalah,BEI,Bappebti,Perusahaan Efek,Lembaga Kliring dan Penjaminan (LKP),D
200,Pihak Penyedia Daftar Efek Syariah (PPDES) dilarang memuat Efek Syariah yang,Sukuk yang dicatatkan di bursa efek luar negeri,Dimuat dalam Daftar Efek Syariah yang ditetapkan oleh OJK di dalam daftar Efek Syariah Luar Negeri,Diperdagangkan di luar negeri,Reksa dana luar negeri berbasis syariah.,
201,Sektor utama yang tercantum dalam NDC adalah kecuali,Limbah,Industrial Process and Product Use (IPPU),Kehutanan,Kelautan,D
202,"Berikut adalah profesi penunjang sektor keuangan, kecuali",Notaris,Ahli Syariah Pasar Modal,Akuntan Publik,Penilai Publik,B
203,Ikhtisar Kinerja Keberlanjutan berisikan aspek,"Strategi keberlanjutan, ekonomi, dan tata kelola","Ekonomi, politik, dan sosial","Tata kelola, sosial, dan lingkungan hidup","Sosial, lingkungan hidup, dan ekonomi",
204,Produk pasar modal syariah yang underlying-nya berupa aset adalah,Sukuk,Saham,SCF,Reksa dana pasar uang,A
205,Pihak yang menyelenggarakan dan menyediakan atau menggunakan Sistem Elektronik untuk mempertemukan Transaksi Efek atas Efek bersifat utang dan/atau sukuk antar pengguna jasa secara terus menerus di luar Bursa Efek adalah pengertian dari,Bursa Efek,Perusahaan Efek,Kustodian,Penyelenggara Pasar Alternatif,D
206,"Bertugas salah satunya sebagai penghubung antara Emiten atau Perusahaan Publik dengan pemegang saham Emiten atau Perusahaan Publik, Otoritas Jasa Keuangan, dan pemangku kepentingan lainnya adalah tugas",Komite audit,Komisaris utama,Sekretaris perusahaan,Komisaris independent,C
207,Rencana Perubahan dan hasil reviu PRE wajib disampaikan oleh Emiten kepada OJK dalam jangka waktu berapa hari ?,paling lambat 14 hari sebelum penyelenggaraan RUP EBUS LSK,paling lambat 5 hari kerja setelah diperolehnya persetujuan dari pemegang EBUS LSK,paling lambat 14 hari kerja setelah diperolehnya persetujuan dari pemegang EBUS LSK,Paling lambah 5 hari sebelum penyelenggaraan RUP EBUS LSK.,
208,"-selesai- Tindak lanjut pengawasan offsite dapat dilakukan, kecuali",Pelimpahan Keterlambatan Laporan,"Sanksi Administratif, seperti teguran tertulis",Sanksi suspensi kegiatan,Pencabutan Izin usaha karena pelanggaran UUPM,D
209,Apakah tindak lanjut yang dilakukan untuk Manajer Investasi yanç memiliki profil risiko sangat tinggi?,Melakukan pengawasan secara on-site (pemeriksaan kepatuhan),Dikenakan teguran,Mengundang Manajer Investasi untuk diminta keterangan,Melakukan peng awasan secara off-site,A
210,Tugas dan wewenang JK dalam ekosistem Perdagangan Karbon di Indo nesia adalan,Mengatur dan mengawasi perdagangan unit karbo n pada pasar sekunder yang ditransaksikan melalui Burse Karbon,Mengatur dan mengawasi penetapan pengurangan emisi dan penerapan pajak karbon,Mengatur dan mengawasi penyelenggaraan perdagangan karbon secara menyeluruh,Mengatur dan mengawasi penerbitan unit karbon dan pendaftaran pada sistem registrasi nasional,A
211,Berapa lama waktu pelaksanaan rencana tindak pada perubahan status EBUS LSK?,6 bulan sejak diterima oleh OJK,6 bulan sejak hasil review,1 tahun sejak diterima oleh OJK,1 tahun sejak hasil review,C
212,Daftar Efek Syariah yang diterbitkan oleh Pihak Penerbit Daftar Efek Syariah dapat memuat efek syariah yang diperdagangakan di..,Bursa Efek,Luar Negeri,Dalam negeri,Dalam dan luar negeri,B
213,"Dalam menganalisis keterkaitan pihak yang diduga melakukan pelanggaran, data mutasi dari rekening bank yang diminta Pengawas Transaksi Efek kepada Pengawas Bank OJK digunakan untuk menganalisis hal berikut, kecuali",profil nasabah,penerima manfaat/beneficial owner,mutasi efek,aliran dana,C
214,"Berikut merupakan komponen-komponen penyusunan Peringkat Komposit Perusahaan Efek, kecuali","Permodalan, Anuitas, Profil Risiko","Permodalan, Rentabilitas, dan Tata Kelola","Profil Risiko, Permodalan dan Tata Kelola","Profil Risiko, Permodalan dan Rentabilitas",A
215,Pihak yang terlibat dalam reksa dana syariah selain investor adalah,Perusahaan Sekuritas dan Manajer Investasi,"Emiten, Manajer Investasi dan Bank Kustodian",Manajer Investasi dan Bank Kustodian,Bank Kustodian dan Perusahaan Sekuritas,C
216,Mekanisme berbasis pasar untuk mengurangi emisi GRK melalui kegiatan jual beli adalah pengertian dari,Bursa Karbon,Penyelanggara Bursi Karbon,Perdagangan Karbon,Penggunan Jasa Bursa Karbon,C
217,Penerapan una via principle di pasar modal yang tidak benar,Pemeriksa merekomendasikan pengenaan tindakan alternatif dengan sanksi administratif atas tindak pidana pasar modal,Diputuskan oleh KE Pasar Modal dan dimintakan persetujuan melalui Rapat Dewan Komisioner karena bersifat strategis,Merupakan penerapan konsep restorative justice system,Untuk tindak pidana PM yang telah ditemukan bukti permulaan berdasarkan pemerik,A
218,"Surat bentuk bukti pengurangan emisi oleh usaha dan/atau kegiatan yang telah melalui measurement, reporting, and verification, serta tercatat dalam SRN PPI adalah",Sertifikat Emisi Pengurangan GRK,Sertifikat Pengurangan Emisi,Sertifikat Pengurangan Emisi GRK,Sertifikat GRK Pengurangan Emisi,C
219,Manakah dasar hukum yang diratifikasi pemerintah Indonesia atas konvensi kerja PBB sebag pemenuhan komitmen Indonesia terhadap perubahan iklim dibawah ini,UU No. 4 Tahun 2023 tentang Pengembangan dan Penguatan Sektor Keuangan (P25SK),UU No. 16 Tahun 2016 tentanç Pengesahan Paris Agreement,Peraturan Menteri LHK No.21 Tahun 2022 tentang Tata Laksana Penerapan Nilai Ekon Karbon,Peraturan Presiden No. 98 Tahun 2021 tentang Nilai Ekonomi Karbon,B
220,POJK yang mengatur penerbitan Efek Bersifat Utang dan Sukuk (EBUS) berlandaskan keberlanjutan adalah,POJK 18/2023,"POJK 60/2017 → POJK lama (Obligasi berbasis risiko, sukuk ga ada)",POJK 51/2017  → POJK 51/2018 : Laporan pengelolaan investasi tahunan (rencana aksi keuangan keberlanjutan),POJK 14/2023 → Bursa karbon,A
221,Berikut yang merupakan laporan insidental Agen Penjual Efek Reksa Dana adalah,Laporan Keuangan Tahunan,Laporan harian Nilai Aktiva Bersih,Laporan Modal Kerja Bersih Disesuaikan,Laporan perubahan tenaga pemasar,D
222,Aplikasi Penerima Laporan Transaksi Efek (PLTE) Daily Watching merupakan aplikasi yang digunakan oleh Pengawas Transaksi Efek untuk melihat data pelaporan transaksi,saham dan EBUS (Efek bersifat utang (obligasi) atau sukuk),EBUS (Efek bersifat utang (obligasi) atau sukuk),saham,tidak ada jawaban yang benar,B
223,Perbedaan utama ( TC derivatives dengan ETD adalah,"OTC tidak memerlukan margin, ETD memerlukan margin","OTC selalu terkait saham, ETD hanya terkait obligasi","OTC lebih standar, ETD lebih fleksibel","OTC dinegosiasikan privat (bilateral), ETD diperdagangkan di bursa",D
224,Yang tidak termasuk dalam Lembaga Penunjang Pasar Modal adalah,Wali Amanat,Pemeringkat Efek,Biro Administrasi Efek,Kustodian,B
225,"Dari seluruh mekanisme penyelenggaraan nilai ekonomi karbon, manakah yang menjadi kewenangan OJK",Mekanisme lainnya sesuai perkembangan IPTEK ditetapkan oleh Menteri,Pungutan atas karbon,Pembayaran berbasis kinerja (RBP),Perdagangan Emisi,D
226,EBUS LSK yang tidak lagi memenuhi ketentuan untuk tetap menjadi EBUS LSK maka harus melakukan perubahan status dan mekajukan buyback atau kenaiakan kupon. Berikut merup salah satu ketentuan buyback EBUS LSK,Perlaksanaan pembelian kembali paling lambat 3 bulan setelah permintaan disampaik,Perlaksanaan pembelian kembali pi ling lambat 6 bulan setelah permintaan disampail,Perlaksanaan pembelian kembali paling lambat 3 bulan setelah emiten mengumumka kepada publik terkait perubahan status EBUS LSK,Perlaksanaan pembelian kembali paling lambat 6 bulan setelah emiten mengumumk kepada publik terkait perubahan status EBUS LSK,D
227,Penasihat Investasi wajib sekurang-kurangnya memiliki seorang tenaga ahli yang memiliki izin sebagai,Wakil Manajer Investasi,Wakil Agen Penjual Efek Reksa Dana,Penasihat investasi perorangan,Wakil Perusahaan Efek,A
228,Suatu transaksi dikategorikan sebagai Transaksi Material apabila nilai transaksi sama dengan,5% atau lebih dari ekuitas Perusahaan Terbuka,20% atau lebih dari ekuitas Perusahaan Terbuka,10% atau lebih dari ekuitas Perusahaan Terbuka,50% atau lebih dari ekuitas Perusahaan Terbuka,B
229,Kriteria Efek bersifat utang tanpa Penawaran Umum adalah ...,Memiliki jatuh tempo lebih dari 1 (satu) tahun atau memiliki jatuh tempo kurang dari (satu) tahun,Efek bersifat utang tanpa Penawaran Umum memiliki jatuh tempo lebih dari 1 (satu) tahun atau memiliki jatuh tempo tidak lebih dari 1 (satu) tahun yang tidak diawasi oleh otoritas lain,Nilai penerbitan Efek bersifat utang tanpa Penawaran Umum paling sedikit Rp.10 mili atau kurang dari Rp.10 miliar yang penerbitannya dilakukan beberapa kali sehingga: dalam jangka waktu 1 (satu) tahun mencapai nilai pi ling sedikit Rp. 10 miliar,Nilai penerbitan Efek bersifat utang tanpa Penawaran Umum piling sedikit Rp. Rp.10 miliar,B
230,Securities crowdfunding syariah termasuk dalam kategori,Reksa dana,obligasi negara,alternatif pembiayaan syariah,kontrak derivative,C
231,Derivatif adalah instrumen keuangan yang nilainya diturunkan dari,Nilai inflasi,Harga saham IPO,Aset yang mendasarinya (underlying),Kurs BI,C
232,Manakah pernyataan yang tidak benar terkait Penyelenggara Bursa Karbon,Penyelenggara Bursa Karbon harus memperoleh izin usaha dari KLHK,Penyelenggara Bursa Karbon dapat menyusun peraturannya sendiri setelah mendapat persetujuan OJK,Penyelenggara Bursa Karbon memperdagangkan Unit Karbon yang terdaftar pada SRN-PPI,Penyelenggara Bursa Karbon harus memperoleh izin usaha dari OJK,A
233,Perbedaan utama OTC derivatives dengan ETD adalah,"OTC dinegosiasikan privat (bilateral), ETD diperdagangkan di bursa","OTC selalu terkait saham, ETD hanya terkait obligasi","OTC lebih standar, ETD lebih fleksibel","OTC tidak memerlukan margin, ETD memerlukan margin",A
234,perbedaan utama antara metode pemeriksaan off-site inspection dan on-site inspection,"Off-site dilakukan secara berkala, sementara on-site dilakukan secara insidentil.","Off-site dilakukan di kantor OJK, sementara on-site dilakukan dengan mendatangi langsung objek pemeriksaan.","Off-site menggunakan teknik simulasi, sementara on-site tidak.","Off-site fokus pada pengaduan, sementara on-site fokus pada pelanggaran.",B
235,43- Berapa batasan penempatan investasi pada 1 Pihak dalam Reksa Dana,5%,10%,25%,15%,B
236,"Pemilihan opsi dengan tindakan administratif atas tindak pidana pasar modal dengan pertimbangan, kecuali",Penyelesaian atas kerugian yang timbul,Dampak kerugian terhadap sistem pasar modal secara keseluruhan,Nilai dari pelanggaran atau dampak pelanggaran,Profil pihak yang melakukan tindak pidana,D
237,Apakah tindak lanjut yang dilakukan untuk Manajer Investasi yang memiliki profil risiko sangat tinggi?,Mengundang Manajer Investasi untuk diminta keterangan,Melakukan pengawasan secara on-site (pemeriksaan kepatuhan),Melakukan pengawasan secara off-site,Dikenakan teguran,B
238,Apa perbedaan utama antara metode pemeriksaan off-site inspection dan on-site inspection,"Off-site dilakukan di kantor OJK, sementara on-site dilakukan dengan mendatangi","Off-site menggunakan teknik simulasi, sementara on-site tidak.","Off-site fokus pada pengaduan, sementara on-site fokus pada pelanggaran.","Off-site dilakukan secara berkala, sementara on-site dilakukan secara insidentil.",A
239,Berikut merupakan larangan bagi Penasihat Investasi kecuali,memberi nasihat kepada Pihak lain mengenai penjualan atau pembelian Efek dengan,mengelola dana nasabah,melakukan pemeringkatan Efek bagi Penasihat Investasi yang bukan perusahaan,mengungkapkan identitas nasabah kepada pihak ketiga kecuali diharuskan oleh,A
240,"Tn. C (Direksi dari Emiten) telah melakukan dua transaksi Saham Emiten atau lebih dengan menggunakan rekening Efeknya sehingga menyebabkan harga Efek di Bursa Efek tetap, naik, atau turun dengan tujuan mempengaruhi Pihak lain untuk membeli, menjual, atau menahan Efek. Tindak Pidana Pasar Modal apakah yang diduga telah dilakukan oleh Tn. C",Manipulasi pasar,Perdagangan orang dalam karena Tn. C adalah masuk dalam kategori orang dalam,Tidak ada tindak pidana yang dilakukan oleh Tn. C karena transaksi adalah hak investor,Pelanggaran transaksi afiliasi karena kedudukan Tn. C selaku Direksi,A
241,Tools apa yang digunakan untuk analisis data dan informasi di PMDK?,Semua benar,Sistem Informasi Pengawasan Pasar Modal,SQL dan Macro Excel,DSS (Decision Support System),A
242,Lembaga Penunjang yang memiliki fungsi untuk menerbitkan peringkat obligasi dan / atau sukuk adalah …,Biro Administrasi Efek,Wali Amanat,Kustodian Sentral Efek Indonesia,Perusahaan Pemeringkat,D
243,"Berikut merupakan larangan terhadap Manajer Investasi, kecuali",Terlibat dalam transaksi margin,Memiliki efek ekuitas yang tercatat di Bursa Efek lebih dari 5% dari modal disetor,Memiliki efek yang diterbitkan oleh 1 pihak lebih dari 10% dari NAB,Melakukan kerja sama penjualan Reksa Dana dengan Agen Penjual Efek Reksa Dana,D
244,"Manakah tindakan di bawah ini yang tidak menciptakan gambaran semu mengenai kegiatan perdagangan, keadaan pasar, atau harga Efek di Bursa Efek",Melakukan transaksi yang tidak mengakibatkan perubahan kepemilikan,Melakukan transaksi Efek dengan menggunakan rekening Efek di beberapa Perusahaan Efek dengan tujuan untuk menciptakan kekuatan penawaran jual dan penawaran beli atas suatu Efek di Bursa Efek,Meminjam saham kepada Perusahaan Efek karena telah melakukan short selling,"Melakukan penawaran jual atau penawaran beli Efek pada harga tertentu, di mana Pihak tersebut juga telah bersekongkol dengan Pihak lain yang melakukan penawaran beli atau penawaran jual Efek yang sama pada harga yang kurang lebih sama",C
245,Transaksi Benturan Kepentingan adalah transaksi yang dilakukan oleh perusahaan terbuka atau perusahaan terkendali dengan … yang mengandung Benturan Kepentingan,"Direksi dan Dewan Komisaris perusahaan terbuka, pemegang saham utama perusahaan","Setiap pihak, baik dengan Afiliasi maupun pihak selain Afiliasi",Pemegang saham utama perusahaan terbuka,Pengendali perusahaan terbuka,B
246,"Di dalam Pendelegasian Wewenang di Bidang Sektor Pasar Modal, Keuangan Derivatif, dan Bursa Karbon, Kantor OJK Daerah diberikan kewenangan melakukan Pemeriksaan terhadap Lembaga Jasa Keuangan di Daerah, kecuali",Mitra Pemasaran Perantara Pedagang Efek,Kantor Perwakilan Bursa Efek,Perusahaan Efek,Wakil Perusahaan Efek,B
247,Manakah pernyataan yang tidak benar terkait unit karbon yang dapat diperdagangkan melalui Bursa Karbon,Unit karbon SPE GRK di Bursa Karbon yang diterbitkan oleh Kementerian Lingkungan,Unit karbon yang diterbitkan oleh registri Internasional dapat diperdagangkan langsung,Unit karbon yang diperdagangkan di Bursa Karbon terlebih dahulu tercatat di SRN PPI,Unit karbon PTBAE-PU di Bursa Karbon yang diterbitkan oleh Kementerian terkait,B
248,"Organ tata kelola yang diatur dalam menjadi Emiten di Pasar Modal, kecuali",Komite Risiko,Internal Audit,Komite Nominasi dan Remunerasi,Komite Audit,A
249,Berapa minimal jumlah Pemegang Unit Penyertaan dalam Reksa Dana?,1 pihak,15 pihak,10 pihak,5 pihak,C
250,Perdagangan unit karbon dalam negeri dan/atau luar negeri dapat dilakukan dengan kecuali,Perdagangan langsung,Mekanisme Pasar melalui Bursa Karbon,Bursa Berjangka,IDX Carbon,C
251,Berikut yang merupakan faktor-faktor RBS Manajer Investasi adalah,"Good Corporate Governance, Risiko inheren, penerapan APU-PPT, Rentabilitas","Rentabilitas, Penerapan APU-PPT, Good Corporate Governance, Permodalan","Risiko inheren, Rentabilitas, penerapan APU-PPT, Permodalan","Risiko inheren, Good Corporate Governance, Rentabilitas, Permodalan",D
252,Produk derivatif dengan underlying SBN dikenal sebagai,KBSUN,SUN Retail,ORI,ETF,A
253,Unit karbon SPE GRK yang diajukan ke SRN PPI untuk digunakan dapat dikenal dengan istilah,Buffer,Surrender,Retired,Cancel,C
254,"Dalam menganalisis keterkaitan pihak yang diduga melakukan pelanggaran, Pengawas Transaksi Efek meminta data berikut kepada Pengawas Bank OJK, kecuali",Formulir pembukaan rekening efek,Formulir pembukaan rekening bank,Informasi penutupan rekening bank,Mutasi dana rekening bank,A
255,Ketentuan yang wajib dipenuhi oleh Direksi dan/atau Komisaris Perusahaan Efek adalah,Tidak memiliki keahlian di bidang Pasar Modal dan/atau Keuangan,Anggota direksi dan Dewan Komisaris Perusahaan Efek wajib berdomisili di Indonesia,Direktur Perusahaan Efek dilarang mempunyai jabatan rangkap pada Perusahaan lain,Komisaris Perusahaan Efek dapat merangkap sebagai Komisaris pada perusahaan Efek,C
256,"Yang merupakan tugas dari Bursa Efek, kecuali","Menyediakan jasa kustodian sentral dan penyelesaian transaksi yang teratur, wajar, dan …","Menyediakan infrastruktur, sarana pendukung, serta mengawasi kegiatan anggota","Menyelenggarakan perdagangan Efek yang teratur, wajar dan efisien","Menetapkan peraturan keanggotaan, pencatatan, perdagangan, kesepadanan efek, …",A
257,"Peraturan yang mendasari Pendelegasian Wewenang Kegiatan Operasional Mengenai Perizinan dan Pengawasan Sektor Jasa Keuangan di Bidang Pengawasan Sektor Pasar Modal, Keuangan Derivatif, dan Bursa Karbon di Kantor OJK Daerah adalah",SEDK nomor 19/SEDK.02/2023 tanggal 1 September 2023,KADK nomor KEP-1/D.04/2024 tanggal 8 Januari 2024,KADK nomor KEP-45/D.02/2017 tanggal 13 Juni 2017,PDK nomor 1/PDK.02/2023 tanggal 31 Januari 2023,B
258,DES ditetapkan oleh,BEI,DSN MUI,Bank Indonesia,OJK,D
259,Perusahaan mengajukan dokumen Pernyataan Pendaftaran kepada OJK melalui …,Sistem Pelaporan Emiten,Sistem Perizinan dan Registrasi Terintegrasi (SPRINT),Sistem Penerimaan OJK,Sistem Penawaran Umum Elektronik (e-IPO),B
260,"Landasan ketentuan internal di OJK, berupa",Peraturan Otoritas Jasa Keuangan (POJK) dan Surat Edaran Dewan Komisioner,Peraturan Otoritas Jasa Keuangan (POJK) dan Surat Edaran Otoritas Jasa Keuangan,Peraturan Dewan Komisioner (PDK) dan Surat Edaran Otoritas Jasa Keuangan,Peraturan Dewan Komisioner (PDK) dan Surat Edaran Dewan Komisioner (SEDK),D
261,"Berikut ini termasuk prinsip dalam Integrated Risk Rating, kecuali",Signifikansi/Materialitas dan Proporsionalitas,Relevant,Komprehensif dan Terstruktur,Agregasi Risiko,B
262,Kewenangan Kantor Non Koordinator terhadap Lembaga Jasa Keuangan Pasar Modal yang berada di wilayah kerjanya adalah,Mengenakan Sanksi Administrasi,Merekomendasikan pengenaan sanksi kepada Kantor OJK Koordinator,Mengenakan Perintah Tindakan Tertentu,Mengenakan Perintah Tertulis,B
263,Bagaimana penerapan prinsip syariah di pasar modal berdasarkan kaidah fiqih muamalah?,Semua tidak boleh dilakukan kecuali ada larangannya,Semua boleh dilakukan kecuali ada larangannya,Semua boleh dilakukan selama ada ketentuannya,Semua tidak boleh dilakukan kecuali ada ketentuannya,B
264,Sistem pelaporan yang dikelola oleh PT Kliring Penjaminan Efek Indonesia dan digunakan untuk menyampaikan laporan Modal Kerja Bersih Disesuaikan (MKBD) oleh Perusahaan Efek adalah,Sistem Pusat Pelaporan MKBD (SPP MKBD),Sistem Pelaporan E-Reporting,Sistem Layanan Informasi Keuangan (SLIK),Sistem Informasi Pasar Modal (SIPM),A
265,"Berikut yang merupakan komponen penilaian dari risiko operasional Manajer Investasi, kecuali",Jumlah nasabah,Kepemilikan kantor cabang,Banyaknya surat pemberitahuan dari Bank Kustodian,Besarnya dana kelolaan,C
266,"Pelaku Pasar Modal yang oleh undang-undang diberikan kewenangan untuk membuat ketentuan yang mengikat dan wajib ditaati oleh para pemakai jasanya (dikategorikan sebagai Self Regulatory Organization/SRO) adalah sebagai berikut, kecuali",Wali Amanat,Lembaga Penyimpanan dan Penyelesaian,Lembaga Kliring dan Penjaminan,Bursa Efek,A
267,"Surat Edaran Dewan Komisioner yang mengatur tentang Organisasi Bidang Pengawasan Sektor Pasar Modal, Keuangan Derivatif, dan Bursa Karbon yaitu",12/SEDK.02/2022,21/SEDK.02/2022,21/SEDK.02/2023,12/SEDK.02/2023,C
268,Dibawah ini yang bukan merupakan tujuan pelaksanaan Forum Panel adalah,Mendorong keseragaman tindakan pengawasan pada Perusahaan Efek yang melakukan kegiatan sebagai PEE dan/atau PPE,Melakukan reviu output pelaksanaan Pengawasan Berdasarkan Risiko agar sesuai ketentuan,"Melakukan reviu atas input, proses, dan output pelaksanaan Pengawasan Berdasarkan Risiko",Memperdalam hasil pengawasan yang dilakukan oleh Pengawas Perusahaan Efek,B
269,"Berikut ini adalah beberapa pernyataan yang benar terkait dengan syarat formil permohonan Keberatan sebagaimana diatur dalam Peraturan Nomor XIV.B.2 tentang Pengajuan Permohonan Keberatan Atas Sanksi, kecuali","Setiap pihak yang telah dikenakan Sanksi oleh OJK atau SRO (BEI, KPEI, KSEI) dan tidak puas atas sanksi tersebut",Isi surat keberatan adalah hal-hal yang diinginkan oleh pihak yang mengajukan permohonan keberatan dan informasi mengenai penolakan upaya administratif yang diterbitkan SRO,Diperbolehkan mengajukan secara tertulis lebih dari 20 hari setelah ditetapkannya Sanksi atau setelah ditolaknya upaya administratif yang disediakan oleh SRO,Diajukan secara tertulis paling lambat 20 hari setelah ditetapkannya Sanksi atau setelah ditolaknya upaya administratif,C
270,"Dalam menjalankan pengendalian kualitas melalui Forum Panel di Bidang Pasar Modal, dibutuhkan keterlibatan beberapa pihak, yaitu",Pengawas dan Panelis,"Panelis, Pengawas, Sekretariat Forum Panel","Komite Pengawasan, Panelis, Pengawas, Sekretariat Forum Panel","Komite Pengawasan, Panelis, Pengawas",C
271,"Tahapan pelaksanaan Forum Panel terdiri dari Persiapan, Pelaksanaan dan Pasca Pelaksanaan. Manakah aktivitas yang bukan merupakan bagian dari tahapan persiapan",Menyelenggarakan Pre Panel Meeting,Menyusun rencana pelaksanaan Forum Panel RBS selama 1 tahun,Penyusunan Risalah Rapat,Menyelenggarakan kick off meeting/refreshment,C
272,"Berapakah jangka waktu permohonan keberatan harus diajukan kepada OJK berdasarkan Peraturan Nomor XIV.B.2, apabila pihak yang dikenakan sanksi merasa tidak puas atas putusan sanksi?",14 hari setelah diterimanya surat sanksi,20 hari setelah diterimanya surat sanksi,14 hari setelah ditetapkannya sanksi,20 hari setelah ditetapkannya sanksi,D
273,"Pernyataan yang benar dalam POJK 22/POJK.02/2018: Jika Wajib Bayar tidak melunasi kewajiban biaya tahunan sampai batas waktu yang ditetapkan, OJK memberikan surat teguran yang memuat…",Semua Pernyataan benar,Teguran Pertama + sanksi denda 2% per bulan dari kewajiban pembayaran,Teguran Kedua + sanksi denda 2% per bulan dari kewajiban pembayaran,Maksimal 48% dari pungutan wajib,A
274,Proses perizinan yang belum dikenakan biaya registrasi adalah,"ASPM, E-RUPS dan LUD","ASPM, E-RUPS dan PPDES","ASPM, E-RUPS dan BAE","ASPM, BAE dan LUD",A
275,"Berikut ini merupakan dokumen yang disampaikan oleh SRO dalam persetujuan Rencana Kerja Anggaran tahunan, kecuali",Anggaran dan rencana kerja proyek insidentil,Anggaran beban dan pendapatan,Anggaran investasi,Gaji dan remunerasi,A
276,Proses Pernyataan Pendaftaran dalam rangka obligasi daerah di OJK hanya dapat dilaksanakan,Sebelum pemda memperoleh pertimbangan Kemendagri & persetujuan Kemenkeu,Setelah pemda memperoleh pertimbangan Kemendagri & persetujuan Kemenkeu,Sebelum pemda memperoleh pertimbangan Kemendagri & persetujuan BUMN,Setelah pemda memperoleh pertimbangan Kementerian BUMN & persetujuan Kemenkeu,B
277,Berikut ini adalah salah satu tugas dan fungsi Lembaga Kliring dan Penjaminan yaitu,Memberikan jeda pembiayaan transaksi marjin,Melakukan kliring & penjaminan penyelesaian transaksi bursa + mengelola dana jaminan,Menyediakan sistem dan menyelenggarakan transaksi,Memberikan pendanaan bagi transaksi efek,B
278,"Berikut ini adalah dasar pengajuan Rencana Kerja Anggaran Tahunan insidentil, kecuali",Kewajiban SRO berkoordinasi & melaporkan perubahan ke OJK,Adanya kebutuhan pengembangan/kegiatan mendesak,Adanya kebutuhan industri,Kewenangan OJK melakukan klarifikasi atas kegiatan & rencana kerja SRO,D
279,Hal berikut bukan merupakan tindak pidana pelanggaran pasar modal adalah,Semua merupakan tindak pidana pasar modal,Akuntan menandatangani opini audit laporan keuangan Emiten yang dipublikasikan di BEI,Pengelolaan portofolio investasi untuk nasabah tanpa izin,Orang yang menghancurkan catatan bukti transaksi yang sedang diperiksa OJK,B
280,Manakah dari pernyataan berikut yang tidak benar mengenai penegakan hukum di sektor Pasar Modal oleh OJK,Pemeriksaan kasus pasar modal dilakukan oleh pemeriksa OJK,Penyidikan pidana pasar modal dilakukan oleh penyidik OJK,Indikasi pidana berdasarkan hasil pemeriksaan harus dilanjutkan ke tahap penyidikan,Penuntutan pada pidana pasar modal dilakukan oleh penuntut OJK,D
281,Pihak yang diawasi secara langsung oleh OJK dalam konsep Penyelenggaraan Layanan Urun Dana adalah…,Penerbit,Pemodal,Penyelenggara,Bank Kustodian,C
282,"Yang bukan merupakan SPO terkait dengan pengawasan Penyelenggara Layanan Urun Dana Berbasi Teknologi Informasi, yaitu…",SPO Pemeriksaan Kepatuhan Penerbit,SPO Keterlambatan Penyampaian Laporan Penyelenggara Securities Crowdfunding,SPO Pemeriksaan Kepatuhan Penyelenggara,SPO Penelaahan Laporan Penyelenggara Securities Crowdfunding,A
283,Yang termasuk dalam profil risiko Perusahaan Efek dalam rangka Penilaian Risiko Komposit Perusahaan Efek yaitu,Risiko kredit,Tata Kelola,Rentabilitas,Permodalan,A
284,Yang bukan merupakan dasar hukum pemeriksaan kepatuhan SCF adalah,Undang-Undang Nomor 21 Tahun 2011 tentang Otoritas Jasa Keuangan,POJK 57/POJK.04/2020 tentang Penawaran Efek Melalui Layanan Urun Dana,POJK 16/POJK.04/2021 tentang Perubahan Atas POJK 57/POJK.04/2020,POJK 35/POJK.04/2017 tentang Kriteria dan Penerbitan Daftar Efek Syariah,D
285,Jenis Pelaporan berkala dari Lembaga Penunjang Pasar Modal antara lain…,"Laporan Tahunan, Laporan Operasional, dan Laporan Kejadian Signifikan","Laporan Keuangan, Laporan Operasional, dan Laporan Tahunan","Laporan Keuangan, Laporan Perubahan Data, dan Laporan Tahunan","Laporan harian-tahunan, Laporan Operasional, dan Laporan Keuangan",D
286,Penasihat Investasi berbentuk Perseroan Terbatas yang melakukan kegiatan pemeringkatan dan memberikan peringkat adalah…,Wali Amanat,Bank Kustodian,Perusahaan Pemeringkat Efek,Biro Administrasi Efek,C
287,Definisi Layanan Urun Dana adalah…,Penyelenggaraan layanan penawaran efek yang dilakukan oleh penerbit untuk menjual efek secara langsung kepada pemodal melalui jaringan sistem elektronik yang bersifat terbuka,Penyelenggaraan layanan penawaran efek yang dilakukan oleh Penyelenggara untuk menjual efek secara langsung kepada pemodal melalui jaringan sistem elektronik yang bersifat terbuka,Penyelenggaraan layanan penawaran efek yang dilakukan oleh penerbit untuk menjual efek secara langsung kepada pemodal yang bersifat terbuka,Penyelenggaraan layanan penawaran sukuk yang dilakukan oleh penerbit untuk menjual efek secara langsung kepada pemodal melalui jaringan sistem elektronik yang bersifat terbuka,A
288,"Manakah yang bukan merupakan Pihak yang dapat menjadi Pihak Penerbit daftar Efek Syariah? (opsi kosong di sumber) Pihak yang dapat menjadi PPDES : (fyi) Perusahaan publik/Emiten yang saham atau efek syariahnya tercatat di Bursa Efek Indonesia Penerbit Efek Syariah lainnya yang telah mendapatkan pernyataan pendaftaran efektif dari OJK Reksa Dana Syariah. Aku tambahin ya, ini yg boleh menjadi PPDES, kalau liat dari soal dia minta KECUALI ya (vinka) Berbentuk badan hukum berkedudukan di Indonesia Memiliki DPS yg memiliki izin ASPM dari OJK Memiliki paling sedikit 1 orang yang ditugaskan dalam penyusunan DESLN yg memiliki pengetahuan mengenai prinsip syariah di pasmod yg dibuktikan dengan sertifikat pengetahuan mengenai prinsip syariah di pasmod yg diterbitkan min 3 thn terakhir atau pengalaman bekerja di bid pasmod syariah min 2 thn Penyelenggara Layanan Urun Dana wajib menyampaikan laporan kepada OJK berupa laporan berkala dan Laporan Insidentil. Manakah yang bukan termasuk laporan yang disampaikan kepada OJK?",Laporan Tengah Tahunan Penyelenggara,Laporan Insidentil atas kejadian signifikan,Laporan Tahunan Penyelenggara,Laporan Tengah Tahunan Penerbit,D
289,Pada tahap pemeriksaan apakah penentuan ruang lingkup dan fokus pemeriksaan dilaksanakan?,Persiapan on-site,Closing Conference,Pelaksanaan On Site,Penyusunan LHP,A
290,Pihak yang membutuhkan pendanaan sehingga melakukan Penawaran Efek dalam konsep Penyelenggaraan Layanan Urun Dana adalah…,Penerbit,Pemodal,Bank Kustodian,Penyelenggara,A
291,"Pihak yang memberikan jasa penitipan Efek dan harta lain yang berkaitan dengan Efek serta jasa lain, termasuk menerima dividen, bunga, dan hak-hak lain, menyelesaikan transaksi Efek, dan mewakili pemegang rekening yang menjadi nasabahnya adalah…",Perusahaan Pemeringkat Efek,Bank Kustodian,Wali Amanat,Biro Administrasi Efek,B
292,Pihak yang melakukan Pembelian Efek dalam konsep Penyelenggaraan Layanan Urun Dana adalah…,Penyelenggara,Penerbit,Pemodal,Bank Kustodian,C
293,Pihak ketiga yang turut serta berperan dalam penyelenggaraan SCF contohnya terdiri dari…,"Lembaga Pengelola Informasi Perkreditan, Penyedia KYC dan tanda tangan elektronik, dan Penyedia layanan pembayaran","Lembaga Pengelola Informasi Perkreditan, Penyedia KYC, dan Penyedia layanan pembayaran","Lembaga Pengelola Informasi Perkreditan, Penyedia KYC dan penyedia tanda tangan elektronik","Penyedia KYC, Penyedia tanda tangan elektronik, dan Penyedia layanan pembayaran",A
294,"Yang termasuk Lembaga Penunjang Pasar Modal, antara lain…","SCF, Wali Amanat, Biro Administrasi Efek, dan Pihak Penerbit Daftar Efek Syariah","Bank Kustodian, Wali Amanat, Biro Administrasi Efek, dan Pihak Penerbit Daftar Efek Syariah","SCF, Wali Amanat, Biro Administrasi Efek, dan Bank Kustodian","Bank Kustodian, Wali Amanat, Biro Administrasi Efek, dan Perusahaan Pemeringkat Efek",D
295,Tahapan Pemeriksaan terhadap Lembaga Penunjang Pasar Modal yang benar adalah…,"Penyusunan rencana pemeriksaan, persiapan on-site, pelaksanaan on-site, closing conference, Penyusunan LHP, dan rekomendasi & tindak lanjut on-site","Persiapan on-site, pelaksanaan on-site, closing conference, Penyusunan LHP, dan rekomendasi & tindak lanjut on-site","Penyusunan rencana pemeriksaan, persiapan on-site, pelaksanaan on-site, Penyusunan LHP, closing conference, dan rekomendasi & tindak lanjut","Penyusunan rencana pemeriksaan, pelaksanaan on-site, closing conference, Penyusunan LHP, dan rekomendasi & tindak lanjut",A
296,Pihak yang berdasarkan kontrak dengan Emiten melaksanakan pencatatan pemilikan Efek dan pembagian hak yang berkaitan dengan Efek adalah…,Bank Kustodian,Perusahaan Pemeringkat Efek,Wali Amanat,Biro Administrasi Efek,D
297,Penyampaian oleh Lembaga Penunjang Pasar Modal kepada OJK disampaikan melalui..,SIPENA,APOLO,SiPENDAR,E-Reporting,B
298,Dokumen yang bukan merupakan bagian output dari proses pemeriksaan berdasarkan risiko adalah,Perencanaan Pengawasan,Risalah Exit Meeting,Audit Working Plan,Laporan Hasil Pemeriksaan,A
299,Tugas dan wewenang OJK dalam ekosistem Perdagangan Karbon di Indonesia adalah,Mengatur dan mengawasi penyelenggaraan perdagangan karbon secara menyeluruh,Mengatur dan mengawasi penerbitan unit karbon dan pendaftaran pada sistem registrasi nasional,Mengatur dan mengawasi perdagangan unit karbon pada pasar sekunder yang ditransaksikan melalui Bursa Karbon,Mengatur dan mengawasi penetapan pengurangan emisi dan penerapan pajak karbon,C
300,Transaksi Benturan Kepentingan adalah transaksi yang dilakukan oleh perusahaan terbuka atau perusahaan terkendali dengan ... yang mengandung Benturan Kepentingan,Pengendali perusahaan terbuka,"Direksi dan Dewan Komisaris perusahaan terbuka, pemegang saham utama perusahaan terbuka dan Pengendali perusahaan terbuka","Setiap pihak, baik dengan Afiliasi maupun pihak selain Afiliasi",Pemegang saham utama perusahaan terbuka,C
301,Ikhtisar Kinerja Keberlanjutan berisikan aspek,"Sosial, lingkungan hidup, dan ekonomi","Ekonomi, politik, dan sosial","Strategi keberlanjutan, ekonomi, dan tata kelola","Tata kelola, sosial, dan lingkungan hidup",
302,Salah satu aplikasi yang digunakan oleh Pengawas Transaksi Efek untuk melihat data pelaporan transaksi EBUS (Efek bersifat utang (obligasi) atau sukuk) adalah,Tidak ada jawaban yang benar,Penerima Laporan Transaksi Efek (PLTE) Daily Watching,Microsoft Power Point,Sipetro (Nasdaq),B
303,"Berdasarkan ketentuan dalam POJK 11 tahun 2017 tentang laporan kepemilikan atau setiap perubahan kepemilikan saham Perusahaan Terbuka, yang diwajibkan melaporkan kepemilikan saham dan perubahan kepemilikan sahamnya adalah",Setiap pihak yang memiliki paling sedikit 15% atas saham Perusahaan Terbuka,Setiap pihak yang memiliki paling sedikit 10% atas saham Perusahaan Terbuka,Setiap Emiten atau Perusahaan Publik yang memiliki paling sedikit 5% atas saham Perusahaan Terbuka,Setiap pihak yang mmiliki paling sedikit 5% atas saham Perusahaan Terbuka,C
304,Emiten dan Perusahaan Publik menyajikan informasi analisis dan pembahasan oleh manjemen pada,Laporan tahunan,Laporan keuangan tengah tahunan,Laporan keuangan tahunan,Laporan realisasi penggunaan dana,A
305,Yang bukan merupakan tujuan penggunaan e-IPO adalah…,Peningkatan partisipasi penilai dalam pasar perdana,Peningkatan partisipasi perusahaan efek dalam pasar perdana,Percepatan dan efisiensi pelaksanaan Penawaran Umum,Pembentukan harga Penawaran Umum yang lebih transparan,A
306,Yang bukan termasuk dalam komponen penilaian Good Corporate Governance dalam Penilaian Risiko Komposit Perusahaan Efek adalah,Outcome,Process,Income,Structure,C
307,Hal berikut bukan merupakan termasuk tindak pidana pelanggaran pasar modal adalah,Orang yang melakukan pengelolaan portofolio investasi untuk nasabah tanpa izin,Orang yang tidak kooperatif dan menghancurkan catatan bukti transaksi yang sedang diperiksa OJK,Akuntan melaksanakan dan menandatangani opini audit laporan keuangan emiten yang dipublikasikan di BEI,Semua merupakan tindak pidana pelanggaran pasar modal,C
308,Keterbukaan Informasi yang harus segera diumumkan kepada publik wajib disampaikan kepada Otoritas Jasa Keuangan selambat-lambatnya … hari kerja setelah keputusan atau terdapatnya informasi atau fakta material yang mungkin dapat mempengaruhi nilai Efek atau keputusan pemodal,4 (empat),1 (satu),2 (dua),3 (tiga),C
309,Penyampaian Pernyataan Pendaftaran oleh perusahaan kepada OJK dapat dilakukan jika,Tidak ada dokumen yang kurang lengkap,Telah melengkapi dokumen yang dipersyaratkan dan dinyatakan efektif oleh OJK,Prosesnya telah disetujui oleh KSEI dan KPEI,"Melengkapi dokumen yang dipersyaratkan, termasuk dokumen pendukung",B
310,Proses pencatatan Efek oleh perusahaan publik di BEI dilakukan dalam rangka,Penawaran umum (IPO) atau pencatatan Efek selain IPO,Penerbitan surat berharga,Peningkatan modal perusahaan,Penjualan saham kepada investor publik,A
311,Pihak yang bertanggung jawab dalam penyusunan Laporan Penilaian Aset adalah,Penilai,Akuntan Publik,Konsultan Hukum,Notaris,A
312,Manakah pernyataan yang tidak sesuai terkait dengan pelaksanaan pengawasan berbasis teknologi?,"Terintegrasi, real time dan terkoneksi",Memungkinkan pertukaran data yang terpusat,Menghilangkan peran OJK dalam pengawasan,Mempercepat dan mempermudah proses pengawasan,C
313,Manakah pernyataan yang tidak sesuai terkait dengan pengawasan transaksi Efek oleh OJK?,Pengawasan dilakukan secara offsite dan onsite,Pengawasan dilakukan secara mandiri oleh OJK,"Dilakukan untuk menjaga perdagangan Efek yang teratur, wajar, dan efisien",Dilakukan untuk mencegah adanya penipuan dan manipulasi,B
314,"Dalam rangka pelaksanaan pemeriksaan kepatuhan kepada Akuntan Publik, salah satu tahapan yang dilakukan adalah",Penyusunan Rencana Pemeriksaan Kepatuhan,Penyusunan Laporan Penilaian Aset,Pemberian Pernyataan Efektif,Penyusunan Rencana Penawaran Umum,A
315,Pengawasan terhadap profesi penunjang Pasar Modal dilakukan dengan pendekatan,Pendekatan berbasis risiko dan kepatuhan,Pendekatan berbasis kinerja dan hasil,Pendekatan berbasis modal dan aset,Pendekatan berbasis regulasi dan perizinan,A
316,"Terkait dengan pengawasan on-site kepada profesi penunjang Pasar Modal, manakah pernyataan berikut yang paling tepat?",Dilakukan dengan mengirimkan surat permintaan data,Dilakukan untuk memantau kepatuhan secara berkala,Dilakukan dengan meminta laporan berkala,Dilakukan untuk menganalisis risiko sistemik,B
